,model_name,feature_set,seq_len,trial,pr_auc,roc_auc,f1,5,10,15,20,25,30
0,bitenet,dxtx,6,0,0.4076852071531671,0.6414968689917402,0.23076923076923078,0.6355333333333333,0.6206555555555555,0.6185492063492064,0.647147619047619,0.6379603174603174,0.6368253968253967
1,bitenet,dxtx,6,1,0.39697357249536436,0.6215615299513432,0.22702702702702704,0.6194666666666666,0.6974809523809523,0.7173751803751803,0.7264325637325637,0.7312775372775373,0.7356990860990862
2,bitenet,dxtx,6,2,0.43169869126480687,0.6610992363132512,0.31297709923664124,0.7775555555555556,0.8162116402116402,0.830381721981722,0.8366786916786917,0.8380136123136123,0.8398614718614719
3,bitenet,dxtx,6,3,0.4045207156837519,0.6572646910344679,0.32575757575757575,0.7452222222222223,0.7611449735449736,0.7636783068783068,0.7627597883597882,0.7597962962962962,0.7542920634920635
4,bitenet,dxtx,6,4,0.4218462736273726,0.6512174949785716,0.3137254901960785,0.7545333333333333,0.792168253968254,0.7858285714285715,0.7846666666666666,0.7773968253968254,0.7693555555555556
5,bitenet,dx,6,0,0.4198832488386917,0.5978883148408718,0.24175824175824173,0.44580000000000003,0.5048851851851852,0.5230039923039923,0.5255693121693121,0.5256281866281866,0.5302984607984607
6,bitenet,dx,6,1,0.39789986830275187,0.5968518061030493,0.2654028436018957,0.6379555555555555,0.610984126984127,0.6187026455026454,0.6244550264550264,0.6158719576719576,0.5994142857142856
7,bitenet,dx,6,2,0.36552260801802255,0.6133231651647136,0.2753036437246964,0.5914444444444446,0.6023312169312169,0.6072517556517557,0.6096104377104377,0.6093838383838384,0.6048451178451177
8,bitenet,dx,6,3,0.3560229957623653,0.5948056411853793,0.2535211267605633,0.7112666666666667,0.7295031746031746,0.7129571428571428,0.7061634920634922,0.7085952380952381,0.7066936507936507
9,bitenet,dx,6,4,0.35912367028538206,0.5915725932052287,0.30039525691699603,0.6615777777777778,0.6602656084656086,0.6594887519887519,0.6553856254856255,0.6548700003700004,0.6502714063714065
10,rnn,dxtx,6,0,0.41202631337065415,0.6108527298310437,0.296943231441048,0.6097555555555555,0.5760444444444444,0.5672571428571428,0.5691857142857142,0.5777333333333333,0.5826047619047618
11,rnn,dxtx,6,1,0.3910650944922549,0.5874587813235089,0.29411764705882354,0.6072444444444445,0.6057539682539682,0.6024761904761904,0.609115873015873,0.6201142857142857,0.6280158730158731
12,rnn,dxtx,6,2,0.40332404997678223,0.5956219589478094,0.29032258064516125,0.5715555555555555,0.6032661375661376,0.6076074555074554,0.6111303511303511,0.6166871572871573,0.6146523328523329
13,rnn,dxtx,6,3,0.4016988705852804,0.608940827703247,0.3096234309623431,0.5602222222222223,0.610920634920635,0.63274708994709,0.6416973544973545,0.6517931216931216,0.6551296296296296
14,rnn,dxtx,6,4,0.4144749002423749,0.619445548382939,0.344,0.6003777777777778,0.6391015873015874,0.662304761904762,0.6699333333333333,0.6768666666666666,0.679231746031746
15,rnn,dx,6,0,0.4229406542899936,0.616233982449168,0.3412698412698413,0.94,0.9813333333333333,0.992,0.992,0.996,0.9973333333333333
16,rnn,dx,6,1,0.4306247692300821,0.6265238826650626,0.33064516129032256,0.7512666666666667,0.7828380952380952,0.7933301587301587,0.7958063492063492,0.7980888888888888,0.7967428571428571
17,rnn,dx,6,2,0.4254224600470084,0.6188440510843063,0.32,0.8986666666666666,0.972,0.9853333333333333,0.992,0.9946666666666667,0.996
18,rnn,dx,6,3,0.4195458412449511,0.6136453958604098,0.3387096774193548,0.8895555555555557,0.9544317460317461,0.9738984126984127,0.983631746031746,0.986463492063492,0.986615873015873
19,rnn,dx,6,4,0.41938720174128885,0.6105412401585375,0.35102040816326524,0.8695111111111109,0.941863492063492,0.9469714285714287,0.9498984126984127,0.9533396825396825,0.9510253968253968
20,brnn,dxtx,6,0,0.4379459136188609,0.6476299932331555,0.24468085106382978,0.6203555555555555,0.6065047619047619,0.6018904761904762,0.6144095238095237,0.6229984126984127,0.6329730158730158
21,brnn,dxtx,6,1,0.4076190956043797,0.6040644031750465,0.3175965665236052,0.7741777777777777,0.8457206349206349,0.8612666666666667,0.856463492063492,0.8583904761904763,0.8603206349206348
22,brnn,dxtx,6,2,0.3917227919574129,0.6009495064499845,0.3230769230769231,0.8046888888888889,0.8690888888888888,0.8681777777777779,0.8694222222222221,0.8613555555555555,0.8562888888888889
23,brnn,dxtx,6,3,0.39386712099291715,0.5815834416386505,0.314410480349345,0.6914222222222222,0.6822190476190476,0.669320634920635,0.6760444444444444,0.6853968253968253,0.691879365079365
24,brnn,dxtx,6,4,0.413248103050861,0.5980816532582893,0.3347280334728034,0.6402666666666668,0.6824,0.6604222222222222,0.6592888888888888,0.6594888888888889,0.6578444444444445
25,brnn,dx,6,0,0.42238877269792696,0.6303584279438459,0.3114754098360656,0.691911111111111,0.7234079365079363,0.7361280423280423,0.7369201058201058,0.7346068783068784,0.7309888888888888
26,brnn,dx,6,1,0.42728713683760167,0.6345044628951354,0.32911392405063294,0.6265111111111111,0.6956957671957671,0.7192751322751324,0.7275391534391534,0.7329767195767196,0.7372634920634922
27,brnn,dx,6,2,0.4187271024006715,0.6354604139590336,0.3070539419087137,0.7043555555555555,0.8089222222222223,0.8277079365079365,0.8349126984126984,0.8404396825396825,0.8449952380952381
28,brnn,dx,6,3,0.432075669037831,0.6352992986111856,0.3418803418803419,0.7007555555555555,0.7918444444444445,0.8149142857142857,0.8163333333333334,0.8219714285714287,0.8249238095238096
29,brnn,dx,6,4,0.4185526906225288,0.6266098108505815,0.3170731707317073,0.7068,0.7977523809523809,0.8369095238095238,0.8441746031746032,0.8476777777777776,0.8533952380952381
30,retain,dxtx,6,0,0.3914366496990173,0.6159439748230416,0.2185792349726776,0.6520888888888888,0.6744523809523809,0.6915696969696971,0.7129080327080326,0.7273361231361232,0.7376175565175564
31,retain,dxtx,6,1,0.3836307380710691,0.6121094295442584,0.29596412556053814,0.5531333333333333,0.6002052910052911,0.6074553631553631,0.6119338143338142,0.6172382876382876,0.629973544973545
32,retain,dxtx,6,2,0.36485532811081545,0.5962341972696319,0.2878787878787879,0.5598222222222222,0.607211111111111,0.6114031746031746,0.6120025974025973,0.6190930735930736,0.6271892255892256
33,retain,dxtx,6,3,0.3644871404721036,0.5841505461810292,0.28458498023715423,0.5795111111111111,0.6045476190476191,0.608302453102453,0.6178974987974988,0.6242214526214527,0.6328686387686389
34,retain,dxtx,6,4,0.37582990431287455,0.5897143961933813,0.3003663003663004,0.5465777777777777,0.5938571428571429,0.612164886964887,0.6238810966810967,0.6260913900913901,0.6355709475709476
35,retain,dx,6,0,0.39923694350958294,0.6171684514666866,0.2564102564102564,0.8409111111111112,0.8900253968253967,0.8865015873015872,0.8860063492063491,0.8818158730158729,0.8797714285714285
36,retain,dx,6,1,0.4158856380469506,0.6404764717887026,0.32231404958677684,0.897111111111111,0.9631873015873016,0.9743968253968254,0.9792095238095238,0.9779555555555556,0.9761587301587302
37,retain,dx,6,2,0.40890837585735107,0.6401435000698166,0.3037974683544304,0.6954888888888889,0.7388682539682541,0.7486650793650794,0.7435365079365078,0.749963492063492,0.7479841269841269
38,retain,dx,6,3,0.4085345879808361,0.6222919195282544,0.336,0.8704,0.9485873015873015,0.9666285714285714,0.9744666666666668,0.9714285714285714,0.9705555555555556
39,retain,dx,6,4,0.3992943453764775,0.6236452884501777,0.30115830115830117,0.788,0.8392253968253968,0.8642222222222223,0.865257142857143,0.8686666666666667,0.867736507936508
40,deepr,dxtx,6,0,0.4468087753895489,0.6767274250545108,0.24731182795698925,0.8506666666666667,0.972,0.9933333333333333,0.9973333333333333,0.9973333333333333,0.9986666666666667
41,deepr,dxtx,6,1,0.3978382301434411,0.6163628747274466,0.32394366197183105,0.8186666666666667,0.964,0.9853333333333333,0.9973333333333333,1.0,1.0
42,deepr,dxtx,6,2,0.38485500396072564,0.6049129440070462,0.33571428571428574,0.7746666666666666,0.9586666666666667,0.992,0.996,1.0,1.0
43,deepr,dxtx,6,3,0.3713351879927092,0.6020450908153511,0.30604982206405695,0.5987777777777779,0.7102222222222223,0.7373333333333333,0.7313333333333333,0.7337777777777776,0.737
44,deepr,dxtx,6,4,0.39590359627789107,0.6099988184874492,0.3503649635036496,0.549711111111111,0.5898825396825397,0.5605936507936508,0.5359714285714285,0.521615873015873,0.5092126984126985
45,deepr,dx,6,0,0.36554482367976837,0.5799400650906005,0.2531645569620254,0.7715555555555556,0.828990476190476,0.8313269841269842,0.8372920634920635,0.8402476190476191,0.8384984126984127
46,deepr,dx,6,1,0.3561213773225989,0.5546449554784588,0.3003412969283277,0.7099555555555556,0.7649798941798942,0.7743118807118808,0.7748202020202022,0.7747500721500721,0.7722204906204906
47,deepr,dx,6,2,0.3672118998526064,0.5648972621131889,0.3082706766917293,0.6834666666666667,0.7498238095238097,0.7625149961149961,0.7671743034743034,0.7658686535686535,0.7629886298886299
48,deepr,dx,6,3,0.33291300101003196,0.5287805716372542,0.2724014336917563,0.6799999999999999,0.7471820105820105,0.7481066378066377,0.743738383838384,0.7325593147593148,0.7205322418322418
49,deepr,dx,6,4,0.3630639446633309,0.5554934963104585,0.2766798418972332,0.6701111111111112,0.7465608465608465,0.7445508898508898,0.7384227494727496,0.7285116383616383,0.7208032282532283
50,bitenet,dxtx,8,0,0.3460965973307662,0.5631958341164635,0.20118343195266275,0.0,0.0,0.0,0.0,0.0,0.0
51,bitenet,dxtx,8,1,0.36211409758960095,0.5918970911784542,0.2588235294117647,0.0,0.0,0.0,0.0,0.0,0.0
52,bitenet,dxtx,8,2,0.35842042115744344,0.5719963736470276,0.2702702702702703,0.07066666666666667,0.10533333333333333,0.136,0.164,0.19333333333333333,0.22133333333333333
53,bitenet,dxtx,8,3,0.35072122837223085,0.5557994007672832,0.24472573839662445,0.0,0.0,0.0,0.0,0.0,0.0
54,bitenet,dxtx,8,4,0.32819478312744566,0.5868445201163086,0.30612244897959184,0.064,0.08533333333333333,0.09466666666666666,0.11066666666666666,0.12933333333333333,0.144
55,bitenet,dx,8,0,0.3340795258962188,0.5498678813474998,0.21052631578947367,0.65,0.584,0.5506666666666666,0.5493333333333333,0.542,0.5373333333333333
56,bitenet,dx,8,1,0.3087717316865516,0.5394365885747769,0.192090395480226,0.0,0.0,0.0,0.0,0.0,0.0
57,bitenet,dx,8,2,0.3364494991967836,0.5583754380921846,0.223463687150838,0.0,0.0,0.0,0.0,0.0,0.0
58,bitenet,dx,8,3,0.3191999261905112,0.5414487722362878,0.19999999999999998,0.0,0.0,0.0,0.0,0.0,0.0
59,bitenet,dx,8,4,0.31485370046940947,0.5294198940839588,0.20338983050847456,0.0,0.0,0.0,0.0,0.0,0.0
60,rnn,dxtx,8,0,0.4094606376028223,0.6275027916284315,0.3179916317991632,0.6406666666666667,0.6613333333333333,0.6293333333333333,0.5993333333333334,0.5806666666666667,0.566
61,rnn,dxtx,8,1,0.40727397222770323,0.6049818129553671,0.3179916317991632,0.622,0.656,0.6226666666666667,0.602,0.5786666666666667,0.5646666666666667
62,rnn,dxtx,8,2,0.4020021053162248,0.6043847914294243,0.3162393162393162,0.598,0.6746666666666666,0.644,0.61,0.596,0.586
63,rnn,dxtx,8,3,0.3908708514622419,0.5929639907572223,0.2857142857142857,0.532,0.6266666666666667,0.614,0.5886666666666667,0.5713333333333334,0.5626666666666666
64,rnn,dxtx,8,4,0.39521707750581414,0.5966843193401807,0.30081300813008127,0.5613333333333334,0.6546666666666666,0.6433333333333333,0.6153333333333333,0.6,0.5833333333333334
65,rnn,dx,8,0,0.38007664359567694,0.5798405731406648,0.2935779816513761,0.0,0.0,0.0,0.0,0.0,0.0
66,rnn,dx,8,1,0.38292248678277097,0.5911176464084733,0.3125,0.5793333333333334,0.6633333333333333,0.632,0.6046666666666667,0.584,0.566
67,rnn,dx,8,2,0.38054316624016005,0.579597342148614,0.31932773109243695,0.0,0.0,0.0,0.0,0.0,0.0
68,rnn,dx,8,3,0.371948313768259,0.5711174252893896,0.29166666666666663,0.0,0.0,0.0,0.0,0.0,0.0
69,rnn,dx,8,4,0.38279301293552237,0.5752302402458844,0.2966101694915254,0.0,0.0,0.0,0.0,0.0,0.0
70,brnn,dxtx,8,0,0.4092505077014852,0.6398301805437318,0.26804123711340205,0.0,0.0,0.0,0.0,0.0,0.0
71,brnn,dxtx,8,1,0.3993648935124441,0.6303994516246725,0.3116883116883116,0.0,0.0,0.0,0.0,0.0,0.0
72,brnn,dxtx,8,2,0.39840426304098936,0.6177293281296643,0.31496062992125984,0.0,0.0,0.0,0.0,0.0,0.0
73,brnn,dxtx,8,3,0.4067274716351926,0.6200842463708831,0.3105022831050228,0.0,0.0,0.0,0.0,0.0,0.0
74,brnn,dxtx,8,4,0.39218074924037905,0.6097358732545413,0.3214285714285714,0.0,0.0,0.0,0.0,0.0,0.0
75,brnn,dx,8,0,0.41676887650719174,0.6085307742484716,0.32160804020100503,0.0,0.0,0.0,0.0,0.0,0.0
76,brnn,dx,8,1,0.44143913643267696,0.6359937644418402,0.36123348017621143,0.0,0.0,0.0,0.0,0.0,0.0
77,brnn,dx,8,2,0.4178078302461073,0.6166126767570675,0.344,0.0,0.0,0.0,0.0,0.0,0.0
78,brnn,dx,8,3,0.4164849897469124,0.6146999966832137,0.35932203389830514,0.0,0.0,0.0,0.0,0.0,0.0
79,brnn,dx,8,4,0.41532307288797865,0.6098796006589349,0.3471074380165289,0.0,0.0,0.0,0.0,0.0,0.0
80,retain,dxtx,8,0,0.3764672738501166,0.6026268947141482,0.2903225806451613,0.6997777777777777,0.7431111111111112,0.7326666666666667,0.718,0.7026666666666667,0.6944444444444446
81,retain,dxtx,8,1,0.3489058013171633,0.58976881999801,0.26294820717131473,0.6902222222222223,0.7313333333333333,0.7213333333333334,0.7031111111111114,0.6935555555555557,0.6875555555555557
82,retain,dxtx,8,2,0.3562138491936464,0.5906201284701876,0.26829268292682934,0.7053333333333334,0.7422222222222223,0.7253333333333334,0.712,0.6951111111111111,0.6893333333333335
83,retain,dxtx,8,3,0.3535149075100476,0.5881601786642197,0.29230769230769227,0.7177777777777776,0.7444444444444445,0.7344444444444445,0.7217777777777776,0.7088888888888888,0.7011111111111111
84,retain,dxtx,8,4,0.37434954825754074,0.6127430927926234,0.28793774319066145,0.694888888888889,0.721111111111111,0.7175555555555556,0.7062222222222223,0.7015555555555557,0.6891111111111111
85,retain,dx,8,0,0.3484651779857242,0.5717807825404372,0.2661596958174905,0.0,0.0,0.0,0.0,0.0,0.0
86,retain,dx,8,1,0.3533102441160509,0.5742462603234972,0.24193548387096772,0.0,0.0,0.0,0.0,0.0,0.0
87,retain,dx,8,2,0.33812859570500753,0.5514820506583821,0.23045267489711938,0.572,0.6706666666666666,0.6386666666666667,0.6073333333333333,0.5853333333333334,0.5626666666666666
88,retain,dx,8,3,0.36657719233955854,0.5818859246647282,0.32539682539682546,0.0,0.0,0.0,0.0,0.0,0.0
89,retain,dx,8,4,0.3470429360696331,0.552355471038928,0.264,0.0,0.0,0.0,0.0,0.0,0.0
90,deepr,dxtx,8,0,0.39654856751036743,0.6264524759809396,0.33976833976833976,0.0,0.0,0.0,0.0,0.0,0.0
91,deepr,dxtx,8,1,0.3886404283822784,0.6219527026280003,0.3370786516853933,0.0,0.0,0.0,0.0,0.0,0.0
92,deepr,dxtx,8,2,0.37285549891695563,0.6100786078342492,0.30952380952380953,0.0,0.0,0.0,0.0,0.0,0.0
93,deepr,dxtx,8,3,0.38952723166492287,0.614462293668255,0.3333333333333333,0.0,0.0,0.0,0.0,0.0,0.0
94,deepr,dxtx,8,4,0.38247493007220185,0.6155181372928391,0.32618025751072965,0.0,0.0,0.0,0.0,0.0,0.0
95,deepr,dx,8,0,0.3961450906400172,0.6122124069917855,0.27586206896551724,0.572,0.658,0.6353333333333333,0.6166666666666667,0.602,0.578
96,deepr,dx,8,1,0.38486837373546945,0.6120907914957601,0.3508771929824561,0.5173333333333333,0.66,0.644,0.6253333333333333,0.6026666666666667,0.5853333333333334
97,deepr,dx,8,2,0.3852675393185463,0.5964908401419584,0.2796610169491526,0.5373333333333333,0.6526666666666666,0.6326666666666667,0.6193333333333333,0.594,0.5773333333333334
98,deepr,dx,8,3,0.3626854515305464,0.5786686419971475,0.3129251700680272,0.43133333333333335,0.616,0.6213333333333333,0.6006666666666667,0.59,0.58
99,deepr,dx,8,4,0.3770119423468311,0.5923780251854637,0.2823529411764706,0.49266666666666664,0.6506666666666666,0.648,0.6366666666666667,0.6213333333333333,0.6
100,bitenet,dxtx,10,0,0.3291660735686168,0.5686611111111112,0.14201183431952663,0.4004444444444445,0.5066666666666667,0.5477777777777778,0.574,0.5897777777777777,0.6028888888888889
101,bitenet,dxtx,10,1,0.31715795023717974,0.5622833333333334,0.19689119170984457,0.39577777777777773,0.48377777777777775,0.5286666666666666,0.5584444444444444,0.576,0.592
102,bitenet,dxtx,10,2,0.3448401084268704,0.5932111111111111,0.186046511627907,0.3473333333333333,0.4595555555555555,0.508,0.5453333333333333,0.5662222222222222,0.5797777777777778
103,bitenet,dxtx,10,3,0.2936054989033944,0.5095388888888889,0.1630434782608696,0.37333333333333335,0.39266666666666666,0.42711111111111116,0.4511111111111111,0.46488888888888885,0.4755555555555555
104,bitenet,dxtx,10,4,0.2988910417910171,0.5223388888888889,0.2330097087378641,0.37533333333333335,0.46088888888888885,0.504,0.538,0.5622222222222222,0.578
105,bitenet,dx,10,0,0.3326159196109558,0.5829777777777777,0.1878453038674033,0.386,0.4055555555555555,0.4171111111111111,0.4291111111111111,0.43666666666666665,0.43733333333333335
106,bitenet,dx,10,1,0.3105090565947512,0.5673388888888888,0.16091954022988506,0.35288888888888886,0.4228888888888888,0.4635555555555555,0.49066666666666664,0.5177777777777778,0.5313333333333333
107,bitenet,dx,10,2,0.31277056078078264,0.5687611111111112,0.17204301075268816,0.3391111111111111,0.34977777777777774,0.3604444444444444,0.364,0.3762222222222222,0.38666666666666666
108,bitenet,dx,10,3,0.2992040155797109,0.5707888888888889,0.15384615384615383,0.392,0.4404444444444444,0.4735555555555555,0.5077777777777778,0.5346666666666666,0.552
109,bitenet,dx,10,4,0.3073553461044753,0.5704666666666668,0.1581920903954802,0.3675555555555555,0.364,0.36733333333333335,0.37,0.3822222222222222,0.392
110,rnn,dxtx,10,0,0.33221942926444425,0.5481555555555555,0.23364485981308408,0.35577777777777775,0.4437777777777778,0.5015555555555555,0.5362222222222222,0.5544444444444445,0.5762222222222223
111,rnn,dxtx,10,1,0.3340539413779074,0.5473999999999999,0.25688073394495414,0.43133333333333335,0.47222222222222215,0.5133333333333333,0.5455555555555556,0.5664444444444444,0.5833333333333334
112,rnn,dxtx,10,2,0.3261890210659672,0.5377222222222222,0.26785714285714285,0.4160222222222222,0.4510888888888889,0.479,0.5019111111111111,0.5148222222222222,0.5210222222222222
113,rnn,dxtx,10,3,0.327023442856361,0.5453888888888889,0.26495726495726496,0.5435555555555556,0.6624444444444445,0.686,0.6928888888888889,0.6877777777777778,0.6912222222222223
114,rnn,dxtx,10,4,0.32655421925125677,0.5500111111111111,0.25892857142857145,0.3875333333333333,0.4460666666666666,0.4798222222222222,0.4980222222222222,0.5185777777777778,0.5295555555555556
115,rnn,dx,10,0,0.3347278538293196,0.5995999999999999,0.17989417989417988,0.2786666666666667,0.396,0.4706666666666667,0.532,0.596,0.628
116,rnn,dx,10,1,0.34530543523429336,0.6087111111111112,0.23809523809523808,0.24,0.33466666666666667,0.4093333333333333,0.452,0.5093333333333333,0.556
117,rnn,dx,10,2,0.3591310701978277,0.6098444444444445,0.2592592592592593,0.22955555555555554,0.30622222222222223,0.35511111111111116,0.40177777777777784,0.43777777777777777,0.48222222222222216
118,rnn,dx,10,3,0.367602446554377,0.6172222222222222,0.2452830188679245,0.24888888888888888,0.3371111111111111,0.40288888888888885,0.4504444444444444,0.5091111111111111,0.5493333333333333
119,rnn,dx,10,4,0.3684410167823517,0.630311111111111,0.27555555555555555,0.6093333333333333,0.76,0.8533333333333334,0.8906666666666667,0.916,0.94
120,brnn,dxtx,10,0,0.34568107283817573,0.6067,0.17857142857142858,0.532,0.7413333333333333,0.848,0.896,0.94,0.952
121,brnn,dxtx,10,1,0.3293713151489314,0.5758444444444444,0.22439024390243897,0.5666666666666667,0.7493333333333333,0.8493333333333334,0.9026666666666666,0.9346666666666666,0.9653333333333334
122,brnn,dxtx,10,2,0.3238976633406281,0.5633777777777778,0.22624434389140272,0.5951777777777778,0.7525555555555556,0.8077777777777778,0.8322444444444446,0.8444444444444443,0.8365555555555555
123,brnn,dxtx,10,3,0.3304505388824931,0.5682166666666666,0.23529411764705885,0.5458444444444445,0.6962063492063493,0.736984126984127,0.7463396825396824,0.7444285714285714,0.7395079365079364
124,brnn,dxtx,10,4,0.314562851875865,0.5443388888888889,0.2434782608695652,0.5250666666666666,0.5473999999999999,0.5498222222222222,0.5393111111111112,0.5543777777777777,0.5596222222222221
125,brnn,dx,10,0,0.34623666741185866,0.5944111111111112,0.24644549763033174,0.5586666666666666,0.7586666666666667,0.8413333333333334,0.8973333333333333,0.916,0.9426666666666667
126,brnn,dx,10,1,0.3479720943122343,0.6001222222222222,0.2608695652173913,0.596,0.7586666666666667,0.8426666666666667,0.8866666666666667,0.9186666666666666,0.9373333333333334
127,brnn,dx,10,2,0.3476796280561323,0.6031555555555554,0.2913385826771654,0.4502444444444444,0.47677777777777774,0.493,0.5119111111111111,0.5286,0.5389777777777777
128,brnn,dx,10,3,0.3382841544963318,0.5901222222222222,0.23696682464454974,0.3551111111111111,0.4066666666666667,0.4348888888888888,0.447111111111111,0.4557777777777777,0.45977777777777773
129,brnn,dx,10,4,0.34834588401772054,0.6176944444444444,0.26609442060085836,0.16622222222222222,0.18355555555555556,0.1997777777777778,0.20755555555555558,0.21955555555555553,0.23022222222222222
130,retain,dxtx,10,0,0.282302571242591,0.5031555555555556,0.19913419913419914,0.48533333333333334,0.672,0.7786666666666666,0.852,0.888,0.928
131,retain,dxtx,10,1,0.2955323130131828,0.5101666666666667,0.23346303501945526,0.38328888888888885,0.46917777777777775,0.5446222222222222,0.5957333333333332,0.6354000000000001,0.6582222222222223
132,retain,dxtx,10,2,0.29199552445035337,0.507811111111111,0.20833333333333334,0.27166666666666667,0.36566666666666664,0.4214444444444444,0.476,0.5187777777777778,0.5473333333333333
133,retain,dxtx,10,3,0.28917554124914213,0.5194444444444444,0.23255813953488372,0.26924444444444445,0.3343555555555555,0.3634666666666667,0.38273333333333326,0.40526666666666666,0.4200444444444444
134,retain,dxtx,10,4,0.3103600170641088,0.5360333333333334,0.25498007968127495,0.25411111111111107,0.33766666666666667,0.40988888888888886,0.4603333333333333,0.5053333333333333,0.5343333333333333
135,retain,dx,10,0,0.3329676978464375,0.5753444444444444,0.2612244897959184,0.28680000000000005,0.30631322751322754,0.31852433862433865,0.3304814814814815,0.34597354497354504,0.3516243386243386
136,retain,dx,10,1,0.34508068397411407,0.5897111111111111,0.2928870292887029,0.2479111111111111,0.22689841269841265,0.22487777777777773,0.2273936507936508,0.2347253968253968,0.23990476190476184
137,retain,dx,10,2,0.32796241418615113,0.5575333333333334,0.24680851063829784,0.29315555555555556,0.2915957671957672,0.29016719576719574,0.30624973544973544,0.3217941798941799,0.3369137566137566
138,retain,dx,10,3,0.32947905521220167,0.5855666666666667,0.22026431718061676,0.28986666666666666,0.2686777777777778,0.26236984126984125,0.26157301587301585,0.2672666666666667,0.2752730158730159
139,retain,dx,10,4,0.32240389245891893,0.5928333333333333,0.2459016393442623,0.29644444444444445,0.28695873015873014,0.28415714285714283,0.28965555555555556,0.2976809523809524,0.30703703703703705
140,deepr,dxtx,10,0,0.3723144675072429,0.5893222222222222,0.17073170731707318,0.3588888888888888,0.42711111111111116,0.48355555555555557,0.5246666666666666,0.5542222222222222,0.5775555555555555
141,deepr,dxtx,10,1,0.3511712156075873,0.5771222222222222,0.20338983050847456,0.5653333333333334,0.7533333333333333,0.836,0.8826666666666667,0.92,0.944
142,deepr,dxtx,10,2,0.3290713509052865,0.5576555555555556,0.2198952879581152,0.5166666666666667,0.6548888888888889,0.66,0.6584444444444444,0.6517777777777778,0.6511111111111111
143,deepr,dxtx,10,3,0.32850318021415986,0.5694888888888889,0.2288135593220339,0.37066666666666664,0.568,0.6826666666666666,0.7573333333333333,0.8066666666666666,0.86
144,deepr,dxtx,10,4,0.316950952395693,0.5553555555555555,0.20717131474103587,0.4106666666666667,0.6146666666666667,0.7333333333333333,0.804,0.8693333333333333,0.904
145,deepr,dx,10,0,0.35833120076123726,0.6076444444444444,0.30000000000000004,0.4146666666666667,0.5588888888888889,0.6044444444444445,0.5973333333333334,0.5984444444444444,0.602
146,deepr,dx,10,1,0.3833711531545533,0.6303555555555556,0.3083333333333333,0.5988444444444444,0.7554,0.7626222222222223,0.7515111111111111,0.7463111111111111,0.7370666666666666
147,deepr,dx,10,2,0.3722939304712955,0.6248111111111112,0.30769230769230765,0.6324,0.7926222222222222,0.8665111111111111,0.8971777777777777,0.9177555555555554,0.9194222222222221
148,deepr,dx,10,3,0.3884327450357672,0.6279833333333334,0.2823529411764706,0.3736222222222222,0.44367301587301583,0.48078412698412704,0.5118507936507937,0.5212095238095238,0.5322888888888889
149,deepr,dx,10,4,0.3658958603042025,0.5965444444444444,0.28,0.20746666666666666,0.26114920634920635,0.3037492063492064,0.3313428571428571,0.36348571428571436,0.3742285714285714
150,bitenet,dxtx,12,0,0.369216203691231,0.6027944444444444,0.2834008097165992,0.601111111111111,0.5555555555555555,0.5766666666666667,0.5662222222222222,0.5597777777777777,0.5544444444444444
151,bitenet,dxtx,12,1,0.3636785708095268,0.6225611111111111,0.3693379790940766,0.7666666666666667,0.782,0.7146666666666667,0.6733333333333333,0.644,0.6106666666666667
152,bitenet,dxtx,12,2,0.3446383514977453,0.5978722222222222,0.29535864978902954,0.7573333333333333,0.7897777777777777,0.7586666666666667,0.7366666666666667,0.7271111111111113,0.7195555555555556
153,bitenet,dxtx,12,3,0.33517760385181483,0.58725,0.26778242677824265,0.4527777777777778,0.35,0.31355555555555553,0.2965555555555555,0.28733333333333333,0.2806666666666667
154,bitenet,dxtx,12,4,0.3173911611866811,0.5751277777777779,0.26399999999999996,0.6706666666666666,0.7186666666666667,0.6586666666666666,0.622,0.6,0.576
155,bitenet,dx,12,0,0.3776617588476998,0.5806499999999999,0.3105022831050228,0.6046666666666667,0.595111111111111,0.5737777777777777,0.5571111111111111,0.5386666666666666,0.5171111111111111
156,bitenet,dx,12,1,0.37729024523717986,0.5933944444444443,0.30622009569377995,0.7077777777777778,0.7895555555555555,0.7631111111111112,0.7491111111111111,0.7322222222222222,0.7117777777777778
157,bitenet,dx,12,2,0.3611227740555164,0.56145,0.28688524590163933,0.6844444444444443,0.6906666666666667,0.6704444444444444,0.6495555555555556,0.6262222222222222,0.6104444444444445
158,bitenet,dx,12,3,0.36306935664941165,0.5811055555555555,0.3022222222222222,0.7693333333333333,0.7751111111111112,0.740888888888889,0.7331111111111112,0.718888888888889,0.7013333333333334
159,bitenet,dx,12,4,0.37951366066184067,0.5849222222222222,0.2928870292887029,0.608,0.6242222222222222,0.6077777777777779,0.5924444444444444,0.5815555555555555,0.5653333333333334
160,rnn,dxtx,12,0,0.39385200010495647,0.6329,0.29464285714285715,0.8133333333333334,0.98,0.9933333333333333,0.9973333333333333,0.9986666666666667,1.0
161,rnn,dxtx,12,1,0.39894056886348195,0.6221,0.3157894736842105,0.7173333333333334,0.94,0.98,0.9893333333333333,0.992,0.996
162,rnn,dxtx,12,2,0.405411211781191,0.6278666666666667,0.3103448275862069,0.7613333333333333,0.9493333333333334,0.9853333333333333,0.992,0.996,0.9973333333333333
163,rnn,dxtx,12,3,0.40451275397780095,0.6219944444444445,0.32758620689655177,0.728,0.9506666666666667,0.9786666666666667,0.9853333333333333,0.9946666666666667,0.9973333333333333
164,rnn,dxtx,12,4,0.3956676552716397,0.6098611111111111,0.30303030303030304,0.672,0.9013333333333333,0.9693333333333334,0.984,0.988,0.9933333333333333
165,rnn,dx,12,0,0.39462508080796455,0.6068555555555556,0.29245283018867924,0.62,0.6,0.576,0.5597777777777777,0.5484444444444444,0.5388888888888889
166,rnn,dx,12,1,0.3952357797542978,0.6026888888888889,0.3043478260869565,0.6997777777777778,0.7633333333333333,0.7488888888888888,0.7282222222222223,0.7182222222222223,0.706
167,rnn,dx,12,2,0.3894948414911372,0.5817555555555556,0.2949308755760369,0.5844444444444445,0.5942222222222222,0.574,0.5546666666666666,0.5417777777777778,0.530888888888889
168,rnn,dx,12,3,0.3842285544217078,0.567088888888889,0.3135593220338983,0.5468888888888889,0.5884444444444444,0.568,0.5573333333333333,0.5464444444444444,0.5404444444444445
169,rnn,dx,12,4,0.38881321148610626,0.5796111111111111,0.3017241379310345,0.5562222222222222,0.5786666666666667,0.5631111111111111,0.5475555555555555,0.538,0.5331111111111112
170,brnn,dxtx,12,0,0.39543527685473173,0.6081222222222222,0.3253588516746411,0.7511111111111111,0.7995555555555557,0.770888888888889,0.7526666666666667,0.7355555555555556,0.7246666666666667
171,brnn,dxtx,12,1,0.3823598610189995,0.6002222222222222,0.29090909090909095,0.5757555555555556,0.5871555555555555,0.5570444444444445,0.5304666666666666,0.5039111111111111,0.4836666666666667
172,brnn,dxtx,12,2,0.36960331031195975,0.5865777777777778,0.2592592592592593,0.4819777777777778,0.4663333333333333,0.4270888888888889,0.39920000000000005,0.3869111111111111,0.37835555555555556
173,brnn,dxtx,12,3,0.38000565504696016,0.5956055555555556,0.27906976744186046,0.47317777777777775,0.45977777777777784,0.4265555555555556,0.4024888888888889,0.3871555555555556,0.3811555555555556
174,brnn,dxtx,12,4,0.37019675376423833,0.5887666666666667,0.29223744292237447,0.4040444444444445,0.4071587301587302,0.38136825396825397,0.3624603174603174,0.3530444444444444,0.3418380952380952
175,brnn,dx,12,0,0.38531639769211895,0.5944222222222222,0.2761904761904762,0.7457777777777777,0.7855555555555557,0.7694444444444444,0.7654444444444445,0.7638888888888888,0.7614444444444445
176,brnn,dx,12,1,0.38039482937306907,0.595011111111111,0.3094339622641509,0.7586666666666667,0.948,0.98,0.9933333333333333,0.9973333333333333,0.9973333333333333
177,brnn,dx,12,2,0.389207410519837,0.5909,0.31111111111111117,0.733,0.8733333333333333,0.8654444444444443,0.8543333333333333,0.8315555555555555,0.8167777777777778
178,brnn,dx,12,3,0.3944965563495235,0.6023888888888889,0.3448275862068965,0.7093333333333334,0.92,0.964,0.9893333333333333,0.992,0.9933333333333333
179,brnn,dx,12,4,0.39351325214049915,0.5991555555555554,0.32599118942731276,0.6535555555555556,0.7036666666666667,0.6673333333333334,0.6713333333333333,0.677,0.6864444444444446
180,retain,dxtx,12,0,0.3751407332216848,0.6094777777777779,0.2857142857142857,0.6073333333333333,0.6197777777777779,0.59,0.5702222222222222,0.5553333333333333,0.5393333333333333
181,retain,dxtx,12,1,0.3991975994097793,0.6206222222222222,0.3076923076923077,0.4600888888888889,0.4207841269841269,0.3820031746031746,0.3581428571428571,0.34218412698412703,0.3334888888888889
182,retain,dxtx,12,2,0.39263788816681533,0.6056555555555556,0.3450980392156863,0.5008222222222223,0.5040698412698413,0.4704285714285714,0.44716825396825394,0.42971428571428577,0.4155142857142857
183,retain,dxtx,12,3,0.3954398712844564,0.6237999999999999,0.31698113207547174,0.5016444444444444,0.5840888888888889,0.5694888888888889,0.5500444444444444,0.5261111111111112,0.5085333333333333
184,retain,dxtx,12,4,0.42130043338977474,0.6381555555555556,0.3735408560311284,0.4419777777777778,0.5013777777777777,0.48157777777777777,0.4573333333333333,0.4394888888888889,0.4199333333333334
185,retain,dx,12,0,0.36041386923620533,0.5831999999999999,0.312,0.6906666666666667,0.9453333333333334,0.9813333333333333,0.9866666666666667,0.992,0.9933333333333333
186,retain,dx,12,1,0.3445548847068541,0.5681222222222222,0.3045267489711934,0.7173333333333334,0.9466666666666667,0.9733333333333334,0.98,0.992,0.9933333333333333
187,retain,dx,12,2,0.3259705521342766,0.5541333333333333,0.2608695652173913,0.0,0.0,0.0,0.0,0.0,0.0
188,retain,dx,12,3,0.35354322321261655,0.5892833333333333,0.2868217054263566,0.0,0.0,0.0,0.0,0.0,0.0
189,retain,dx,12,4,0.3776624306208508,0.5959555555555556,0.30962343096234307,0.0,0.0,0.0,0.0,0.0,0.0
190,deepr,dxtx,12,0,0.41295157766293944,0.626188888888889,0.27173913043478265,0.6164444444444445,0.5826666666666667,0.5568888888888889,0.5408888888888889,0.5266666666666666,0.5175555555555555
191,deepr,dxtx,12,1,0.3945128523647834,0.6100444444444445,0.32231404958677684,0.5846666666666667,0.6122222222222222,0.59,0.568,0.5533333333333333,0.5411111111111111
192,deepr,dxtx,12,2,0.368764942045101,0.6258277777777779,0.328125,0.5902222222222222,0.6051111111111112,0.5886666666666667,0.5728888888888889,0.5566666666666666,0.544
193,deepr,dxtx,12,3,0.37712238322711006,0.6031555555555554,0.29508196721311475,0.5771111111111111,0.6126666666666667,0.602,0.5762222222222222,0.5653333333333334,0.5471111111111111
194,deepr,dxtx,12,4,0.3405655651308639,0.5945111111111111,0.2965779467680608,0.2388888888888889,0.2871111111111111,0.31533333333333335,0.3335555555555556,0.33,0.33422222222222225
195,deepr,dx,12,0,0.37699353070750136,0.5974555555555555,0.3043478260869565,0.7217777777777776,0.770888888888889,0.7495555555555556,0.7313333333333333,0.7213333333333334,0.710888888888889
196,deepr,dx,12,1,0.37312077821109185,0.6118111111111111,0.32156862745098036,0.7062222222222222,0.8055555555555557,0.7824444444444446,0.7633333333333333,0.7466666666666667,0.726888888888889
197,deepr,dx,12,2,0.3806002224255036,0.6067388888888888,0.3178294573643411,0.6155555555555556,0.7373333333333333,0.7293333333333333,0.7122222222222223,0.6975555555555557,0.6835555555555557
198,deepr,dx,12,3,0.3716528981349865,0.5925000000000001,0.3076923076923077,0.6511111111111111,0.7602222222222224,0.7571111111111112,0.7477777777777779,0.732,0.7106666666666667
199,deepr,dx,12,4,0.3776745697337056,0.6049388888888889,0.321285140562249,0.694,0.7742222222222224,0.7568888888888889,0.7337777777777779,0.7131111111111111,0.7022222222222223
200,bitenet,dxtx,14,0,0.4307979411224837,0.6532190814231953,0.2914572864321608,0.9546666666666667,1.0,1.0,1.0,1.0,1.0
201,bitenet,dxtx,14,1,0.4391629104573763,0.6691380858706807,0.2805429864253393,0.9133333333333333,0.9973333333333333,1.0,1.0,1.0,1.0
202,bitenet,dxtx,14,2,0.4205238402129632,0.6396200393431406,0.2995594713656388,0.956,0.9893333333333333,0.9933333333333333,1.0,1.0,1.0
203,bitenet,dxtx,14,3,0.4342871020101061,0.636990035921998,0.3412698412698412,0.8306666666666667,0.98,0.9906666666666667,0.9933333333333333,1.0,1.0
204,bitenet,dxtx,14,4,0.41161665161839706,0.6121012230585016,0.35,0.8986666666666666,0.972,0.9906666666666667,0.9986666666666667,1.0,1.0
205,bitenet,dx,14,0,0.401791086343759,0.615169560383168,0.2541436464088398,0.96,0.996,0.9973333333333333,1.0,1.0,1.0
206,bitenet,dx,14,1,0.42333128955043076,0.6074185340403695,0.33027522935779813,0.9546666666666667,0.9893333333333333,0.9973333333333333,1.0,1.0,1.0
207,bitenet,dx,14,2,0.39868837784762534,0.5856835870680808,0.29571984435797666,0.9413333333333334,0.9893333333333333,0.9946666666666667,1.0,1.0,1.0
208,bitenet,dx,14,3,0.4033776804685866,0.5876507440985288,0.31020408163265306,0.7953333333333333,0.7411777777777777,0.7429555555555556,0.7536888888888889,0.7630888888888888,0.7592
209,bitenet,dx,14,4,0.40455451880732074,0.5813537033869312,0.3178294573643411,0.7948000000000001,0.7100888888888888,0.6630444444444444,0.6386444444444445,0.6206222222222223,0.6140666666666666
210,rnn,dxtx,14,0,0.41832702246259357,0.6173451932945604,0.32067510548523204,0.888,0.9826666666666667,0.9933333333333333,0.9933333333333333,0.9946666666666667,0.996
211,rnn,dxtx,14,1,0.41661200710929075,0.6049970065001711,0.3277310924369748,0.8008000000000001,0.8121428571428572,0.8096825396825398,0.808431746031746,0.8164476190476191,0.8216349206349206
212,rnn,dxtx,14,2,0.4294187096462908,0.6168427129661307,0.3636363636363636,0.6204666666666667,0.5782380952380952,0.5677904761904762,0.572152380952381,0.5882222222222222,0.5996539682539682
213,rnn,dxtx,14,3,0.420083935027207,0.6099362812179268,0.3533834586466165,0.7275777777777779,0.7706857142857143,0.7860825396825397,0.7935809523809524,0.7962412698412696,0.8008444444444445
214,rnn,dxtx,14,4,0.4134750012072658,0.6013513513513513,0.3424124513618677,0.6831777777777779,0.7507650793650793,0.7430761904761906,0.7356507936507936,0.7300857142857142,0.7244317460317461
215,rnn,dx,14,0,0.42194190113727176,0.6163295415668834,0.25806451612903225,0.7280666666666666,0.7130666666666666,0.7020222222222222,0.7158888888888888,0.7289555555555556,0.7328
216,rnn,dx,14,1,0.4220582897810935,0.5990901898734178,0.26881720430107525,0.6778,0.7361555555555556,0.7458444444444444,0.7496,0.758,0.7661555555555556
217,rnn,dx,14,2,0.41929076256587755,0.6209160109476566,0.28846153846153844,0.6155111111111111,0.6484,0.6053333333333333,0.5820666666666666,0.5734444444444444,0.5670222222222222
218,rnn,dx,14,3,0.4136427439710908,0.5980478104686966,0.3170731707317073,0.6430666666666667,0.7011777777777778,0.6951555555555554,0.7005587301587302,0.6999746031746032,0.706704761904762
219,rnn,dx,14,4,0.41993462715772717,0.6074238795757783,0.33593749999999994,0.5707777777777777,0.551031746031746,0.5299978835978836,0.5252798941798942,0.5227407407407407,0.5240407407407408
220,brnn,dxtx,14,0,0.4476954819291783,0.6764347417037291,0.3,0.9028888888888889,0.9710666666666666,0.9732539682539684,0.9694380952380952,0.963036507936508,0.950557142857143
221,brnn,dxtx,14,1,0.44652635557020826,0.657671912418748,0.3686274509803922,0.876,0.9666666666666667,0.9866666666666667,0.9933333333333333,0.9946666666666667,0.9986666666666667
222,brnn,dxtx,14,2,0.442365643116846,0.6684004019842628,0.33620689655172414,0.8373333333333334,0.96,0.98,0.9906666666666667,0.9946666666666667,0.996
223,brnn,dxtx,14,3,0.4422631283997789,0.6705653438248375,0.3116883116883117,0.8533333333333334,0.9613333333333334,0.98,0.9893333333333333,0.992,0.9946666666666667
224,brnn,dxtx,14,4,0.43971305255966153,0.665684869996579,0.32456140350877194,0.7523333333333333,0.8682761904761905,0.8982984126984127,0.9064190476190476,0.9085746031746031,0.9075619047619048
225,brnn,dx,14,0,0.4389043466199131,0.6467028737598357,0.32911392405063294,0.7437777777777776,0.7786444444444445,0.7870571428571429,0.7889047619047618,0.7901587301587303,0.7902253968253968
226,brnn,dx,14,1,0.432807286203056,0.6482637700992131,0.33744855967078186,0.9026666666666666,0.984,0.992,0.9946666666666667,0.9973333333333333,0.9973333333333333
227,brnn,dx,14,2,0.4333025710491691,0.6443294560383168,0.33884297520661155,0.6867777777777777,0.7150634920634921,0.7032412698412698,0.6940825396825397,0.6819492063492063,0.6785936507936507
228,brnn,dx,14,3,0.44041546257444497,0.6537696715703045,0.3319148936170213,0.8145111111111111,0.9369333333333334,0.9492000000000002,0.9468444444444445,0.9375333333333333,0.9249777777777778
229,brnn,dx,14,4,0.4430081837465951,0.6544539001026344,0.325,0.674,0.7125968253968253,0.6929746031746031,0.6937682539682538,0.6930920634920635,0.6885587301587303
230,retain,dxtx,14,0,0.39959212137098826,0.6151962880602121,0.30705394190871366,0.6645777777777778,0.6571555555555556,0.6117111111111111,0.5791555555555555,0.5536000000000001,0.5436444444444445
231,retain,dxtx,14,1,0.40765330425278595,0.6347128378378378,0.3050847457627119,0.7893333333333333,0.94,0.9706666666666667,0.9853333333333333,0.992,0.9933333333333333
232,retain,dxtx,14,2,0.406280939407713,0.6346914556962024,0.34220532319391633,0.7026666666666667,0.92,0.972,0.9866666666666667,0.992,0.9933333333333333
233,retain,dxtx,14,3,0.41953016575751956,0.6342638128634964,0.31275720164609055,0.7386666666666667,0.9186666666666666,0.964,0.9826666666666667,0.9893333333333333,0.9906666666666667
234,retain,dxtx,14,4,0.41356788392644217,0.6379255046185425,0.3333333333333333,0.5251111111111112,0.6122222222222222,0.6273333333333334,0.6248888888888889,0.6113333333333333,0.5975555555555556
235,retain,dx,14,0,0.38919246060503715,0.6356376154635648,0.31007751937984496,0.805711111111111,0.7915873015873015,0.7941714285714286,0.7954412698412698,0.801768253968254,0.8054857142857144
236,retain,dx,14,1,0.4061600220107674,0.6442439274717756,0.3045267489711934,0.6738666666666666,0.6778920634920634,0.678247619047619,0.678552380952381,0.6834952380952382,0.6856857142857143
237,retain,dx,14,2,0.41740473291804386,0.652641763599042,0.3333333333333333,0.7670888888888888,0.8070047619047618,0.8163238095238096,0.8225507936507935,0.8220761904761906,0.824415873015873
238,retain,dx,14,3,0.4274723037472944,0.6586982552172425,0.34375,0.7729111111111112,0.7995428571428571,0.8022857142857144,0.8013015873015873,0.8009238095238094,0.8038698412698413
239,retain,dx,14,4,0.43006683901547693,0.6618735032500855,0.35714285714285715,0.7593333333333332,0.8010539682539682,0.801015873015873,0.8024000000000001,0.8022063492063493,0.8076825396825398
240,deepr,dxtx,14,0,0.41974290888652493,0.6235139411563462,0.3472222222222222,0.7543333333333333,0.7807428571428571,0.7824095238095238,0.7841714285714285,0.7903174603174602,0.7977873015873016
241,deepr,dxtx,14,1,0.3966646006422989,0.6096048580225795,0.3465703971119134,0.6041111111111112,0.5971555555555554,0.5976365079365079,0.6036714285714285,0.6114587301587302,0.6200164021164021
242,deepr,dxtx,14,2,0.3947673072037218,0.6078515224084844,0.3490909090909091,0.7048,0.7573650793650794,0.7764412698412698,0.7837873015873017,0.7931650793650794,0.7978571428571429
243,deepr,dxtx,14,3,0.40976364759317,0.6225410537119398,0.37362637362637363,0.7627777777777777,0.8013603174603173,0.8099095238095237,0.8125576719576719,0.8079243386243385,0.808641798941799
244,deepr,dxtx,14,4,0.41958698891787605,0.6264539856312008,0.36630036630036633,0.7482888888888889,0.7906539682539682,0.78668075998076,0.7854902837902837,0.7846029822029823,0.7760770562770561
245,deepr,dx,14,0,0.4483535918284881,0.641271809784468,0.37681159420289856,0.9546666666666667,0.9973333333333333,0.9986666666666667,1.0,1.0,1.0
246,deepr,dx,14,1,0.45957575072548285,0.6310083817995211,0.3924528301886792,0.8913333333333333,0.9893428571428572,0.988031746031746,0.9884539682539684,0.9804095238095237,0.9739873015873016
247,deepr,dx,14,2,0.44534883085070187,0.6392618884707493,0.37037037037037035,0.9168888888888889,0.9725333333333332,0.9809111111111112,0.9754444444444443,0.9661968253968254,0.9596158730158731
248,deepr,dx,14,3,0.4443916969746576,0.6364768645227505,0.37735849056603776,0.8932222222222221,0.9661777777777778,0.9627999999999999,0.944831746031746,0.9248571428571428,0.9034
249,deepr,dx,14,4,0.4260550364802994,0.6375780448169688,0.35125448028673834,0.8611777777777778,0.9679444444444445,0.9769222222222222,0.9784079365079364,0.9764523809523811,0.9724714285714287
250,bitenet,dxtx,16,0,0.43423987639768524,0.6110959609732449,0.36426116838487976,0.9306666666666666,0.984,1.0,1.0,1.0,1.0
251,bitenet,dxtx,16,1,0.4282061218347916,0.6147723944287893,0.3223443223443223,0.8626666666666667,0.96,0.9866666666666667,0.996,1.0,1.0
252,bitenet,dxtx,16,2,0.4264836141604862,0.6047228029775071,0.31578947368421056,0.9173333333333333,0.9853333333333333,1.0,1.0,1.0,1.0
253,bitenet,dxtx,16,3,0.3926010822396615,0.5921784888242483,0.3364485981308411,0.8573333333333333,0.9813333333333333,0.9933333333333333,1.0,1.0,1.0
254,bitenet,dxtx,16,4,0.4195720981521316,0.6016523750366128,0.296,0.768,0.9786666666666667,0.9946666666666667,1.0,1.0,1.0
255,bitenet,dx,16,0,0.40883110522920185,0.5767859487521336,0.3044982698961938,0.9853333333333333,0.9986666666666667,1.0,1.0,1.0,1.0
256,bitenet,dx,16,1,0.4085789532814843,0.5825329010493996,0.29249011857707513,0.8933333333333333,0.988,0.992,0.9933333333333333,0.9986666666666667,1.0
257,bitenet,dx,16,2,0.41514664241052324,0.5939207546788676,0.2913385826771654,0.8706666666666667,0.9906666666666667,1.0,1.0,1.0,1.0
258,bitenet,dx,16,3,0.3955200978996337,0.5832096072074255,0.2962962962962963,0.8366666666666667,0.939111111111111,0.9464444444444443,0.9426666666666667,0.937111111111111,0.9264444444444443
259,bitenet,dx,16,4,0.3890094988455219,0.5801290791746204,0.29818181818181816,0.7986666666666666,0.9866666666666667,1.0,1.0,1.0,1.0
260,rnn,dxtx,16,0,0.45008546469138755,0.6344877738387419,0.28,0.8042222222222222,0.886,0.843111111111111,0.7991111111111112,0.746,0.704
261,rnn,dxtx,16,1,0.48039047432256415,0.6537688492965286,0.32710280373831774,0.7486666666666667,0.892888888888889,0.8715555555555555,0.8406666666666667,0.8053333333333333,0.768
262,rnn,dxtx,16,2,0.4688197391738418,0.6448100677716166,0.34599156118143454,0.7300888888888888,0.8662000000000001,0.8347333333333333,0.7943333333333333,0.7500666666666667,0.6960444444444444
263,rnn,dxtx,16,3,0.45402146602805526,0.6473451908412367,0.3333333333333333,0.7597777777777777,0.858,0.8388888888888888,0.7997777777777778,0.7755555555555556,0.7295555555555556
264,rnn,dxtx,16,4,0.45570889440614476,0.6410023331212313,0.36799999999999994,0.7484444444444444,0.874,0.8522222222222222,0.819111111111111,0.7888888888888889,0.7533333333333333
265,rnn,dx,16,0,0.4266081394400241,0.6112979628114614,0.2962962962962963,0.8117777777777777,0.888,0.849111111111111,0.802,0.761111111111111,0.714
266,rnn,dx,16,1,0.4330732380797641,0.610227353068913,0.3052208835341365,0.814,0.8713333333333333,0.8406666666666667,0.7975555555555555,0.762,0.7211111111111111
267,rnn,dx,16,2,0.43480176365833084,0.6215293559171389,0.311787072243346,0.7817777777777778,0.8655555555555556,0.8326666666666667,0.8026666666666666,0.7537777777777779,0.7222222222222223
268,rnn,dx,16,3,0.43476824259196356,0.6084497368926057,0.2957198443579766,0.7222222222222223,0.8468888888888888,0.822888888888889,0.7851111111111112,0.7495555555555556,0.7093333333333334
269,rnn,dx,16,4,0.4409557764256084,0.617257017038855,0.3283582089552239,0.7473333333333333,0.8902222222222221,0.885111111111111,0.8717777777777779,0.8393333333333334,0.8213333333333334
270,brnn,dxtx,16,0,0.4491734208073866,0.6251350887293075,0.2815533980582524,0.7276444444444444,0.7738222222222222,0.6828888888888889,0.6212888888888889,0.5768222222222222,0.5432666666666667
271,brnn,dxtx,16,1,0.4493733585852962,0.6261248977365694,0.29729729729729726,0.6518888888888889,0.6978888888888889,0.5982222222222222,0.5096666666666667,0.4514444444444445,0.40755555555555556
272,brnn,dxtx,16,2,0.44681687165055245,0.6364067913018008,0.3399209486166007,0.34588888888888886,0.41877777777777775,0.4056666666666667,0.3735555555555556,0.35088888888888886,0.3383333333333333
273,brnn,dxtx,16,3,0.4277776382263768,0.6065711197971901,0.32432432432432434,0.0,0.0,0.0,0.0,0.0,0.0
274,brnn,dxtx,16,4,0.4345209627445125,0.6160854063771981,0.3306451612903225,0.618311111111111,0.7075111111111111,0.6676444444444445,0.6193333333333333,0.5847333333333333,0.5562666666666667
275,brnn,dx,16,0,0.43686996995245536,0.6113888636386592,0.2926829268292682,0.33866666666666667,0.486,0.5446666666666666,0.5533333333333333,0.5493333333333333,0.5406666666666666
276,brnn,dx,16,1,0.47560743717176446,0.6358512862467048,0.37751004016064255,0.37666666666666665,0.5166666666666667,0.576,0.578,0.5726666666666667,0.5546666666666666
277,brnn,dx,16,2,0.4672381733159309,0.6157622034360513,0.3740458015267175,0.33,0.48333333333333334,0.544,0.576,0.586,0.5806666666666667
278,brnn,dx,16,3,0.46718358009486216,0.6211455524245271,0.3731343283582089,0.28733333333333333,0.4208888888888888,0.48177777777777775,0.5033333333333333,0.49,0.47888888888888886
279,brnn,dx,16,4,0.4579997568912984,0.6149844963589168,0.3571428571428571,0.28288888888888886,0.42533333333333334,0.46977777777777774,0.4924444444444445,0.49666666666666665,0.47977777777777775
280,retain,dxtx,16,0,0.4328829077712022,0.6367905947944126,0.18556701030927833,0.354,0.43333333333333335,0.4468888888888889,0.428,0.4135555555555555,0.40377777777777785
281,retain,dxtx,16,1,0.4392244501229199,0.6602733084871073,0.27230046948356806,0.41022222222222215,0.49911111111111106,0.5171111111111111,0.508888888888889,0.482,0.464
282,retain,dxtx,16,2,0.4342055685321752,0.6608086133583815,0.3333333333333333,0.4208888888888888,0.5193333333333333,0.5126666666666667,0.5,0.47733333333333333,0.4613333333333333
283,retain,dxtx,16,3,0.4389850123106609,0.6338211677726266,0.32867132867132864,0.3702222222222222,0.478,0.4928888888888888,0.4755555555555555,0.46444444444444444,0.4448888888888889
284,retain,dxtx,16,4,0.44622779864334816,0.655814117908473,0.3736263736263736,0.42342222222222214,0.5866666666666667,0.6376888888888889,0.6315555555555555,0.624,0.6090222222222222
285,retain,dx,16,0,0.43907694932810326,0.6158531042632488,0.34200743494423796,0.8002222222222222,0.9251111111111111,0.9097777777777777,0.8822222222222221,0.845111111111111,0.82
286,retain,dx,16,1,0.42631363917923254,0.6084194366168731,0.3445692883895131,0.346,0.4508888888888889,0.48222222222222216,0.4775555555555555,0.46111111111111114,0.4493333333333333
287,retain,dx,16,2,0.42890953717896796,0.6135401832156672,0.3694267515923567,0.39488888888888884,0.5131111111111112,0.5417777777777778,0.5257777777777778,0.5117777777777778,0.486
288,retain,dx,16,3,0.4437410769871418,0.6075003282529872,0.35338345864661647,0.7257777777777776,0.8866666666666667,0.8944444444444444,0.8711111111111111,0.8477777777777776,0.822
289,retain,dx,16,4,0.4398210358527377,0.6226504661192418,0.357976653696498,0.38333333333333336,0.5193333333333333,0.586,0.6046666666666667,0.6153333333333333,0.612
290,deepr,dxtx,16,0,0.4361463696154271,0.632811158581543,0.26865671641791045,0.4033333333333333,0.5057777777777778,0.5617777777777778,0.5635555555555555,0.552,0.5364444444444444
291,deepr,dxtx,16,1,0.46059855948260625,0.6470219879000898,0.3834586466165414,0.31333333333333335,0.48133333333333334,0.5606666666666666,0.5926666666666667,0.5986666666666667,0.598
292,deepr,dxtx,16,2,0.44769566402539995,0.6265996020563787,0.3529411764705882,0.0,0.0,0.0,0.0,0.0,0.0
293,deepr,dxtx,16,3,0.45245192593367856,0.6283570180488642,0.34090909090909094,0.3253333333333333,0.484,0.568,0.6,0.6046666666666667,0.5966666666666667
294,deepr,dxtx,16,4,0.4522063568440273,0.6276550616610611,0.3763066202090592,0.3293333333333333,0.4686666666666667,0.5513333333333333,0.578,0.5866666666666667,0.596
295,deepr,dx,16,0,0.42387819207048966,0.5898150673171125,0.26865671641791045,0.0,0.0,0.0,0.0,0.0,0.0
296,deepr,dx,16,1,0.4321177598276603,0.6267309032512196,0.2966101694915254,0.0,0.0,0.0,0.0,0.0,0.0
297,deepr,dx,16,2,0.430878145848301,0.6193073356967549,0.3468634686346863,0.0,0.0,0.0,0.0,0.0,0.0
298,deepr,dx,16,3,0.4306882327126346,0.6116615661202517,0.34848484848484845,0.0,0.0,0.0,0.0,0.0,0.0
299,deepr,dx,16,4,0.4208684617209394,0.6076720298154713,0.3263888888888889,0.0,0.0,0.0,0.0,0.0,0.0
