model_name,feature_set,seq_len,trial,pr_auc,precision@5,precision@10,precision@15,precision@20,precision@25,precision@30
bitenet,dxtx,6,1,0.33624589097765784,0.36008888888888896,0.22921640211640212,0.18586983756983758,0.17549569469631388,0.17337246990178476,0.17298592599018336
bitenet,dx,6,1,0.35601132236995264,0.35435555555555553,0.23173333333333335,0.1871287601287601,0.17613926351139972,0.17383303099994984,0.1734317849237612
rnn,dxtx,6,1,0.37049756680141577,0.31202222222222226,0.19071216931216933,0.1546874384874385,0.1463686046381093,0.14468592441977687,0.14436932320064694
rnn,dx,6,1,0.365696085488809,0.3381777777777778,0.21314920634920634,0.1741500499500499,0.1649510475420692,0.16320484514543201,0.16288264491058813
brnn,dxtx,6,1,0.4072964392373114,0.3284,0.20175396825396827,0.16465828615828615,0.1564531540469621,0.1548282679185977,0.15453490726477728
brnn,dx,6,1,0.3839467061000763,0.31753333333333333,0.19476719576719578,0.15762256262256263,0.1491506155981388,0.1474597353672586,0.14715024159155793
retain,dxtx,6,1,0.3445348564720363,0.40708888888888894,0.26303915343915346,0.21573647833647833,0.20390070394575036,0.20107501726528107,0.2005070917042521
retain,dx,6,1,0.3659704987830768,0.4200444444444444,0.273684126984127,0.22376830946830945,0.21133588772768336,0.20857008811666639,0.2080402095150636
deepr,dxtx,6,1,0.36339947550524765,0.43306666666666666,0.28365291005291005,0.23498525178525176,0.22250755427349858,0.2200227569773969,0.21944724455452813
deepr,dx,6,1,0.3062078850190344,0.42117777777777776,0.2661010582010582,0.21916671476671476,0.2076505550864684,0.20517880529037075,0.20476611080733148
bitenet,dxtx,6,2,0.3289105593147626,0.3290666666666667,0.21106243386243387,0.17008541088541088,0.1593354968847229,0.15650600820914726,0.1559371322319954
bitenet,dx,6,2,0.30168402065108446,0.3272,0.2179809523809524,0.17593357753357755,0.16501056985097234,0.16214555447987,0.16154180034554114
rnn,dxtx,6,2,0.35178353200682444,0.2982444444444444,0.18356666666666668,0.14846607836607836,0.13930906655550618,0.13693148326922724,0.13647691340316312
rnn,dx,6,2,0.34838651288105266,0.32882222222222224,0.2034126984126984,0.16463520923520922,0.1547583774498635,0.15222818609532435,0.15169876614107677
brnn,dxtx,6,2,0.3446611200249229,0.33064444444444446,0.20595449735449736,0.16682389462389463,0.15652588407464565,0.15392975006372905,0.15342804412386218
brnn,dx,6,2,0.3470033472493999,0.3399111111111111,0.20884179894179894,0.16884981314981315,0.15854991634898755,0.15594049543174057,0.15545940766467575
retain,dxtx,6,2,0.2890654260661796,0.40259999999999996,0.2694026455026455,0.22076352906352906,0.2070288770740783,0.20336775278773664,0.20262759382366963
retain,dx,6,2,0.29346097215184697,0.4014444444444445,0.2665544973544974,0.21763156843156845,0.20380235733192392,0.2001130447223367,0.19935196687298298
deepr,dxtx,6,2,0.32324866942783753,0.4328,0.2941835978835979,0.24265457135457139,0.2280861675018022,0.2242768996681865,0.22353191190158955
deepr,dx,6,2,0.31376615638348027,0.4268222222222222,0.2833343915343915,0.23288508528508528,0.21920150542039085,0.21552681566570112,0.21476296703242717
bitenet,dxtx,6,3,0.3392109168609416,0.3033777777777778,0.19275238095238095,0.15523904983904982,0.14622322023235335,0.14430315874794403,0.14383512325002348
bitenet,dx,6,3,0.3644745572734265,0.37635555555555555,0.24013015873015872,0.19310212010212013,0.18220113397667576,0.1800126177585943,0.17954320164044255
rnn,dxtx,6,3,0.35697054607335454,0.31655555555555553,0.19017936507936506,0.1543034188034188,0.14583563414569609,0.1441273500626294,0.14374743754432606
rnn,dx,6,3,0.34965521108235037,0.32566666666666666,0.19917777777777776,0.16063032523032522,0.15144747349313914,0.14957446514882644,0.14912712435849715
brnn,dxtx,6,3,0.4118292101216651,0.3006444444444445,0.17843068783068786,0.14433382913382914,0.13589635063365713,0.13406475141162313,0.13366278714345198
brnn,dx,6,3,0.3603376587729191,0.31682222222222217,0.18762592592592592,0.1506074555074555,0.14208153531481704,0.14026406244951808,0.1398858041305701
retain,dxtx,6,3,0.296985440222841,0.4226444444444445,0.2801005291005291,0.22796003256003253,0.21445096249925968,0.2115502271959157,0.21089808492354356
retain,dx,6,3,0.32265756659500305,0.4217111111111111,0.2760592592592592,0.22487493247493248,0.21196931385321477,0.20925650627432021,0.20862483434471726
deepr,dxtx,6,3,0.36009544646801345,0.4425111111111111,0.29759259259259263,0.24663754763754764,0.23363718121117502,0.23088051517190028,0.23033834852628532
deepr,dx,6,3,0.336640897763567,0.4410444444444444,0.2865708994708995,0.23583869093869092,0.2228173115097264,0.21982673242697337,0.21915379065610058
bitenet,dxtx,6,4,0.29275319661588195,0.3723777777777778,0.2344671957671958,0.18865336515336514,0.1762982453276571,0.17367843354523663,0.17326857870871512
bitenet,dx,6,4,0.36700644677201943,0.34713333333333335,0.21627671957671957,0.17455519665519667,0.16375629744639034,0.16144785149620525,0.16111178312013685
rnn,dxtx,6,4,0.3731327326786017,0.3204222222222223,0.198489417989418,0.1604205535205535,0.15077549561435008,0.14876161394046844,0.1484773757095635
rnn,dx,6,4,0.3800479684832149,0.3323777777777778,0.20419735449735452,0.16748553298553298,0.15775796733939149,0.15569757082769062,0.15533257286269267
brnn,dxtx,6,4,0.37996446824381536,0.2848666666666667,0.16746349206349206,0.1372045732045732,0.1293339792359916,0.1276807450305835,0.12741424116407962
brnn,dx,6,4,0.38356844394837386,0.33957777777777776,0.21047989417989416,0.17253550523550523,0.16243765521830536,0.1603494112883223,0.16002033246591016
retain,dxtx,6,4,0.3565319568401959,0.41222222222222216,0.27497037037037036,0.22667991637991639,0.21319203081633423,0.21034243171977862,0.20985359709761064
retain,dx,6,4,0.3404835694999256,0.40022222222222215,0.2627253968253968,0.21571212121212122,0.20218476328739485,0.19926019399195602,0.19884619317795524
deepr,dxtx,6,4,0.3447571193739566,0.41775555555555555,0.2662137566137566,0.22031547711547714,0.20837704247936445,0.20573474246054269,0.20531007280920638
deepr,dx,6,4,0.33723993938059604,0.44404444444444446,0.2941037037037037,0.24267187627187628,0.22815499174028586,0.22486035405912644,0.2242541785062842
bitenet,dxtx,6,5,0.32954830192501694,0.34524444444444446,0.2148846560846561,0.17458158138158136,0.1640600127541304,0.16181397473417933,0.16136456787879547
bitenet,dx,6,5,0.36046465310587184,0.3584666666666667,0.2277201058201058,0.18539427609427608,0.17432590664123168,0.1718648212531898,0.17136376333282155
rnn,dxtx,6,5,0.4006795120080622,0.30773333333333336,0.18293597883597887,0.1503998482998483,0.1420560918498999,0.14019819612243895,0.1397986989316774
rnn,dx,6,5,0.37053603239434296,0.3578222222222222,0.22173756613756612,0.1808983608983609,0.17044397493344862,0.16819660433303454,0.16772365975526235
brnn,dxtx,6,5,0.3849153958181871,0.2890666666666667,0.17526296296296295,0.14406931216931215,0.13651821711140597,0.13482752509810525,0.13461930630965657
brnn,dx,6,5,0.3559862766549851,0.3182666666666667,0.19119999999999998,0.15713186813186814,0.14821932943217772,0.14639704447076232,0.14602921004039915
retain,dxtx,6,5,0.34087253828794634,0.3943777777777778,0.25426719576719575,0.20975055685055682,0.19809136639074718,0.19562430446716356,0.19522160909527278
retain,dx,6,5,0.33863877154201394,0.40668888888888893,0.26543386243386247,0.21867668627668627,0.2061380897854582,0.20336951459253516,0.20277149607635575
deepr,dxtx,6,5,0.3636054381470246,0.41486666666666666,0.272831216931217,0.22605192955192957,0.2126656206424008,0.20955626913451386,0.20886197677723295
deepr,dx,6,5,0.33448134154288794,0.40422222222222226,0.2650349206349206,0.21919098679098678,0.20683911200598504,0.2040184444609697,0.20339208318495325
bitenet,dxtx,6,6,0.4167152974001906,0.3818444444444445,0.2468957671957672,0.19795510785510784,0.18469907643669253,0.18175525185547664,0.1813662569593553
bitenet,dx,6,6,0.385642410966581,0.3588,0.22413068783068782,0.17947465497465498,0.1671234165845621,0.1643772832010374,0.16400074794404237
rnn,dxtx,6,6,0.4580787050075698,0.3241555555555556,0.2002793650793651,0.16026739926739927,0.14944167400653469,0.14737509517473846,0.14704981259014552
rnn,dx,6,6,0.4201385795805161,0.30842222222222226,0.18818677248677249,0.152302331002331,0.14257758040033583,0.14048306004146763,0.14018732119538396
brnn,dxtx,6,6,0.3970727172495431,0.35619999999999996,0.22287777777777773,0.17919947829947827,0.1674381034571437,0.16483346703076812,0.1644784485286232
brnn,dx,6,6,0.4092581304596829,0.35326666666666673,0.21420740740740743,0.17370986050986054,0.16306864963954748,0.1608097789450246,0.16052172651214458
retain,dxtx,6,6,0.39680931788095664,0.4504444444444445,0.30247566137566134,0.24668631738631738,0.2308266007871271,0.22719457368379561,0.2266653344938668
retain,dx,6,6,0.37123783280095224,0.4206444444444445,0.28573386243386245,0.2334027565027565,0.2178436749754087,0.21430535262143421,0.21394259793040366
deepr,dxtx,6,6,0.36279146351143554,0.45482222222222224,0.3053978835978836,0.2519426795426795,0.2368341407245432,0.23341811771373758,0.23315545611820243
deepr,dx,6,6,0.39158158063385284,0.4507333333333334,0.3081021164021164,0.2544006697006697,0.2382425800320537,0.23431932512271184,0.23382025317720312
bitenet,dxtx,6,7,0.3233856089259996,0.3646888888888889,0.23922433862433862,0.19306458726458725,0.18054748486807307,0.17753872145757055,0.17708031081755074
bitenet,dx,6,7,0.2661225926289774,0.331,0.20562010582010581,0.16522796462796463,0.1541987535283201,0.15151283596761994,0.15112340020117268
rnn,dxtx,6,7,0.3587368691535848,0.3444666666666667,0.21447830687830688,0.17360797720797722,0.1627503404690711,0.16019807370202174,0.1598351453574842
rnn,dx,6,7,0.35480273771353515,0.3226,0.1984560846560847,0.15947479927479927,0.1490463793688252,0.14667961984815261,0.14632433281930238
brnn,dxtx,6,7,0.32988125649690136,0.34157777777777776,0.21777089947089948,0.17585517075517074,0.1644619819006816,0.16183526504266038,0.16146030988287763
brnn,dx,6,7,0.37377129610275117,0.3265777777777778,0.20284391534391535,0.1648961075961076,0.15489349321702264,0.15259691501261832,0.15221904254876886
retain,dxtx,6,7,0.29337569557846876,0.4080222222222222,0.2715126984126984,0.22237088467088467,0.20822815447939289,0.20487634759062948,0.20436993939261205
retain,dx,6,7,0.32607241076920224,0.4190444444444445,0.27984973544973546,0.23040933140933142,0.21630275428619083,0.21298167893641978,0.21246593550573384
deepr,dxtx,6,7,0.3526445115373308,0.4337555555555556,0.28405978835978835,0.23723603433603435,0.22300904775192704,0.21932081135064713,0.21872688173832672
deepr,dx,6,7,0.35305153466604217,0.4331777777777778,0.2801021164021164,0.23096884966884965,0.21709628918266685,0.2136857791130264,0.21319782379886415
bitenet,dxtx,6,8,0.40246410477825045,0.34255555555555556,0.22148148148148147,0.17758007178007176,0.16646482696869694,0.1638198492411105,0.1635042556988503
bitenet,dx,6,8,0.3310812347633817,0.3582444444444445,0.24154761904761904,0.19370315240315242,0.18144967803094741,0.17866874070740132,0.1783178955032228
rnn,dxtx,6,8,0.44714071592684296,0.32097777777777775,0.20505026455026454,0.16636463906463905,0.15672514244727867,0.15464749976789685,0.15439405247444954
rnn,dx,6,8,0.4075793706663917,0.33280000000000004,0.21037037037037037,0.17033920153920154,0.1606038042223801,0.1584722928352165,0.15819780090739127
brnn,dxtx,6,8,0.432028374563065,0.34068888888888893,0.21115978835978838,0.17165096385096384,0.1621522251742066,0.1600108298545504,0.1597527481831354
brnn,dx,6,8,0.4504610267426645,0.33777777777777784,0.20908888888888888,0.1701307359307359,0.16036075542391331,0.15807387293442213,0.15779322716044303
retain,dxtx,6,8,0.3911692867027949,0.4308888888888888,0.2873179894179894,0.23528249158249157,0.22173054799804026,0.21868977881553192,0.21833186808428787
retain,dx,6,8,0.4134604694627193,0.4348,0.2935116402116402,0.23962883412883412,0.22460310313468207,0.22109603368239528,0.22069641354944178
deepr,dxtx,6,8,0.40083572851416704,0.45584444444444444,0.304668253968254,0.2509996780996781,0.23710658671107587,0.2341101565711675,0.23369306255407343
deepr,dx,6,8,0.4127184958844786,0.4421555555555556,0.3022068783068783,0.24929163799163798,0.23446259233828895,0.23102487980927205,0.2305871969982559
bitenet,dxtx,6,9,0.3185323169674315,0.34062222222222216,0.215178835978836,0.17310724090724086,0.1619613975406545,0.15904230725895555,0.15849563273297065
bitenet,dx,6,9,0.33913507795195336,0.3455777777777777,0.21841587301587304,0.17483636363636362,0.16315661934098466,0.15999277844757856,0.15939516824169248
rnn,dxtx,6,9,0.32522983055339727,0.3357333333333334,0.2070227513227513,0.16739189329189327,0.1569319288382756,0.1542823736591552,0.15377982883063335
rnn,dx,6,9,0.3545922028050565,0.3549777777777778,0.22204232804232804,0.17898975838975836,0.16736606271265714,0.16440104985112253,0.16386147434786888
brnn,dxtx,6,9,0.361493237233275,0.3453555555555555,0.21532698412698412,0.1740805194805195,0.16320314876615186,0.16044474861557778,0.15992473982062647
brnn,dx,6,9,0.4014419260658115,0.3568,0.2190058201058201,0.17815902245902243,0.16738372146143046,0.16469123134285338,0.16416559059790226
retain,dxtx,6,9,0.356084343174357,0.40240000000000004,0.2720349206349207,0.22308271728271725,0.20916990338522842,0.20539626388463242,0.20470040471612957
retain,dx,6,9,0.3343043062743437,0.4145333333333333,0.27236243386243386,0.22067769637769638,0.2056522176481929,0.2016096227551632,0.2008037181616724
deepr,dxtx,6,9,0.34562996410682745,0.44266666666666665,0.29404497354497355,0.23953328523328526,0.22395011243200094,0.22004510082525025,0.2193367878185464
deepr,dx,6,9,0.3290624990147187,0.44439999999999996,0.29391005291005295,0.24108337958337958,0.22580277529488058,0.22169381739287922,0.22099418575163834
bitenet,dxtx,6,10,0.37478566162423943,0.32591111111111115,0.2067756613756614,0.16734031894031892,0.15771925484216506,0.15556790030298442,0.15517863051785255
bitenet,dx,6,10,0.35901037353734344,0.3255333333333334,0.20920211640211642,0.16756333296333295,0.15701089631615947,0.15466308277704158,0.15422849897004398
rnn,dxtx,6,10,0.4123262293875316,0.3119777777777778,0.18793597883597882,0.15287836977836977,0.14439162513899353,0.1425214086887771,0.14221423228918692
rnn,dx,6,10,0.4015700002453497,0.318,0.1962142857142857,0.1616084471084471,0.15335067277064182,0.15170946441378128,0.15144921656456792
brnn,dxtx,6,10,0.39215946718989464,0.2938888888888889,0.1759444444444445,0.13929360639360638,0.1307392720282813,0.12885316750478545,0.128530975503513
brnn,dx,6,10,0.4068159680865753,0.30746666666666667,0.18083227513227512,0.14367378917378917,0.13473182724281796,0.13277790165150105,0.1324562880586231
retain,dxtx,6,10,0.3674682419648926,0.3983111111111111,0.25883121693121697,0.21234491064491062,0.20026659967139843,0.19765441321051633,0.19718752348891394
retain,dx,6,10,0.3565726586614105,0.39911111111111114,0.260931746031746,0.21394055944055942,0.20192521275307654,0.19910855047815337,0.19858583564509372
deepr,dxtx,6,10,0.37329933191454934,0.4325111111111112,0.28805555555555556,0.2376245865245865,0.2246630626167778,0.2215825908180451,0.22099972263471715
deepr,dx,6,10,0.3586176959653887,0.4275555555555555,0.28665767195767194,0.23790518740518737,0.22443338944623772,0.22121115342139305,0.2206166875041685
bitenet,dxtx,8,1,0.4407004098130907,0.3660666666666667,0.2411703703703704,0.19352688052688055,0.1825128167727239,0.18004706609827759,0.17957075417690815
bitenet,dx,8,1,0.4067224485770169,0.3121333333333334,0.2035867724867725,0.16284189514189515,0.15339209580695648,0.15113398425667102,0.15066367423463686
rnn,dxtx,8,1,0.40154162756181067,0.3037555555555556,0.18651957671957672,0.15109859769859768,0.14318396061569438,0.14134355532050646,0.14101379030476444
rnn,dx,8,1,0.4060291953956681,0.34324444444444446,0.21515608465608466,0.17484943574943573,0.16567942084288834,0.16359749725922562,0.16320604763605187
brnn,dxtx,8,1,0.42661259331993895,0.34557777777777776,0.20979629629629631,0.17008742738742738,0.1611803295775432,0.15920786580942725,0.15882289432284658
brnn,dx,8,1,0.44327962141110955,0.34073333333333333,0.21387037037037035,0.17272689162689162,0.16365718058457995,0.16161508133117636,0.1612076976888502
retain,dxtx,8,1,0.37739889148963246,0.41311111111111115,0.26578994708994713,0.2179823768823769,0.20647860579393087,0.20390108399206125,0.20349166572195335
retain,dx,8,1,0.39490893526783427,0.4375777777777778,0.28528835978835976,0.23416490546490548,0.22102961708054586,0.21810021247548908,0.21753522592521518
deepr,dxtx,8,1,0.3675478527102672,0.44908888888888887,0.29864285714285715,0.24680626780626783,0.23364702001358348,0.23053663667711316,0.22994494453783484
deepr,dx,8,1,0.377490841574767,0.44044444444444447,0.29164761904761904,0.24051326451326452,0.22750144379757384,0.22455367794024278,0.22406549676424545
bitenet,dxtx,8,2,0.36924542830002216,0.3138444444444445,0.2013962962962963,0.1619211714211714,0.15191429147621097,0.14985343194926448,0.14961829424746012
bitenet,dx,8,2,0.3468843284831754,0.32004444444444446,0.21052857142857143,0.16753913863913864,0.15649263594449353,0.15420742357232464,0.15391500191990296
rnn,dxtx,8,2,0.35173793391969616,0.29775555555555555,0.1765994708994709,0.14401492211492212,0.13623600914622586,0.1347395288149629,0.13459373584250328
rnn,dx,8,2,0.3609346472817941,0.2976666666666667,0.1816814814814815,0.14595118955118955,0.1372079949634129,0.1355916376009686,0.1354261675154985
brnn,dxtx,8,2,0.3505118308466234,0.2902666666666667,0.1812899470899471,0.14615572575572575,0.13762771291316184,0.13594824745108766,0.13575998534282557
brnn,dx,8,2,0.3555538570230212,0.2968222222222222,0.179115873015873,0.144098334998335,0.1356222657402224,0.1339817299475127,0.13381200535112142
retain,dxtx,8,2,0.3660615095590487,0.38564444444444446,0.2532693121693122,0.2071345802345802,0.19479876438777363,0.1921321353646229,0.1917565988024197
retain,dx,8,2,0.31285145160656896,0.39077777777777783,0.2557693121693122,0.20923351463351464,0.19709683797454694,0.19475729356209368,0.1944359780225325
deepr,dxtx,8,2,0.3358356493129633,0.42875555555555556,0.2820587301587301,0.231316095016095,0.2185417783798589,0.21598495588884878,0.21575503636068355
deepr,dx,8,2,0.3447173742646339,0.41322222222222227,0.2661470899470899,0.21915820475820477,0.20641453922181477,0.20372252592110582,0.20331371300562623
bitenet,dxtx,8,3,0.32442628476317203,0.348,0.2245169312169312,0.18254592444592443,0.17305359558455533,0.17093368843856122,0.17050458014370581
bitenet,dx,8,3,0.3729505116170877,0.3530666666666667,0.22084867724867727,0.179804255004255,0.17033375276827287,0.16818062145514157,0.1677306964461361
rnn,dxtx,8,3,0.344856173458667,0.29760000000000003,0.1799275132275132,0.14595917045917045,0.13818579011287987,0.13665377681217095,0.13633170195216507
rnn,dx,8,3,0.36706149284533435,0.31695555555555555,0.19569312169312172,0.15947234247234246,0.15126011337017528,0.1495720940465038,0.14919055820473806
brnn,dxtx,8,3,0.34540714992088684,0.29217777777777776,0.180605291005291,0.14589522329522328,0.13800903478473137,0.13624253876867015,0.13584421280344763
brnn,dx,8,3,0.3732039851650481,0.2706,0.1599089947089947,0.12943691123691126,0.12270486215997051,0.12131513758502854,0.12103369540013809
retain,dxtx,8,3,0.30562722748267307,0.39615555555555554,0.25587195767195764,0.21074016724016723,0.19980440872623534,0.19738724328298296,0.19689999175205325
retain,dx,8,3,0.3113401116640704,0.3962444444444445,0.25397883597883597,0.20864103304103307,0.19731734309721924,0.19478326818662256,0.19434305791133458
deepr,dxtx,8,3,0.3588454327004427,0.43704444444444446,0.2829740740740741,0.23380931290931292,0.2220294977296525,0.21952438699497656,0.21899862742461929
deepr,dx,8,3,0.34851765132655244,0.41924444444444436,0.2748507936507936,0.22681348281348282,0.21453397358288998,0.2118354564421734,0.21123366058796372
bitenet,dxtx,8,4,0.35239718073695897,0.3608222222222222,0.22530000000000003,0.17890111000110998,0.16709188514157552,0.16447348373621762,0.16396765708096567
bitenet,dx,8,4,0.3249053436631207,0.3694444444444445,0.23154497354497353,0.1853787175787176,0.17380970599747692,0.17123857731939168,0.17072841063635147
rnn,dxtx,8,4,0.34341400290270574,0.2850666666666667,0.1745714285714286,0.13886429126429126,0.1299877289434565,0.12815775341174182,0.1278217933819887
rnn,dx,8,4,0.3339053516572749,0.32155555555555554,0.194010582010582,0.15618671698671696,0.14700470230950108,0.14515671811977776,0.14481090418913622
brnn,dxtx,8,4,0.3568260111213126,0.33226666666666665,0.2005825396825397,0.1618002553002553,0.15252448990637846,0.15068625162292276,0.1503909622549897
brnn,dx,8,4,0.3388957664116743,0.31344444444444447,0.18394444444444447,0.14798948828948827,0.1393996591414548,0.13773778198479503,0.13738977792414728
retain,dxtx,8,4,0.33248325781219235,0.4140222222222223,0.26907830687830686,0.21760308210308207,0.20405527221889452,0.20119357073197564,0.20064269446477753
retain,dx,8,4,0.3377340821699134,0.41411111111111115,0.2725396825396825,0.22015382395382396,0.2064120913543514,0.2032531114936324,0.2025610932862119
deepr,dxtx,8,4,0.3194586198168383,0.44373333333333337,0.2905328042328042,0.2375144448144448,0.22376513854222832,0.22059488570327984,0.22012830447642814
deepr,dx,8,4,0.3350706910167062,0.44937777777777776,0.2990079365079365,0.24254866244866244,0.22785189602279385,0.22459678215115825,0.22398725628324154
bitenet,dxtx,8,5,0.36864586334915755,0.31875555555555557,0.20537142857142854,0.1650283494283494,0.15455809945701587,0.15233938937482752,0.15172920781522067
bitenet,dx,8,5,0.3720514432070302,0.3137111111111111,0.19882910052910052,0.16068178118178117,0.1509221607254115,0.14885482274937786,0.1482806656846461
rnn,dxtx,8,5,0.39349148270952394,0.3163777777777778,0.18960105820105816,0.15460543160543158,0.1456605972974394,0.14369750425521594,0.14319697627744657
rnn,dx,8,5,0.36393742790814854,0.32053333333333334,0.1962042328042328,0.1594011026011026,0.1503791899764036,0.1484003920593448,0.14790124563743975
brnn,dxtx,8,5,0.3476560336399472,0.30893333333333334,0.19034232804232806,0.15365317275317275,0.1442810250636876,0.1423846538986208,0.1418415233637661
brnn,dx,8,5,0.36122217285803354,0.30693333333333334,0.18446666666666667,0.14796989676989677,0.13892981535721474,0.13694268191095085,0.13643761629967835
retain,dxtx,8,5,0.3415536447407027,0.4057111111111111,0.2691153439153439,0.2198784696784697,0.20686629217588973,0.20376407497280294,0.2028875648843388
retain,dx,8,5,0.3870272970815285,0.4105777777777779,0.27166613756613756,0.22313930883930883,0.20999210095030527,0.20716913087690045,0.20645308841786944
deepr,dxtx,8,5,0.3640699844817882,0.43571111111111105,0.28373439153439156,0.23253204573204572,0.21926149107743534,0.21641595622581353,0.2157220437355792
deepr,dx,8,5,0.3632413245715985,0.4205777777777778,0.2771243386243386,0.22679354349354353,0.21298007272511915,0.20993019632132973,0.2090960726587003
bitenet,dxtx,8,6,0.38676395933709173,0.31771111111111117,0.19404708994708994,0.15624302734302734,0.14716379331023294,0.14521387549857598,0.14500545592325986
bitenet,dx,8,6,0.3326346289530691,0.3466666666666667,0.22022962962962964,0.17784354904354904,0.16748698442939927,0.1651739785946543,0.16481527089111903
rnn,dxtx,8,6,0.38483072674460767,0.32051111111111114,0.19916084656084657,0.16236546416546416,0.15396393337771044,0.15214444281995904,0.1518766350551398
rnn,dx,8,6,0.36819372699698577,0.3566888888888889,0.21844391534391533,0.1772865615865616,0.16799699616975158,0.16588511587613217,0.1655240823757883
brnn,dxtx,8,6,0.41579845378484714,0.2989555555555556,0.18015079365079364,0.14528596958596957,0.13745690181851172,0.13572285451316007,0.13544045985375391
brnn,dx,8,6,0.3816231330499732,0.3046888888888889,0.18302063492063492,0.14864392274392277,0.14107452129913428,0.13943201549575893,0.13918819904826432
retain,dxtx,8,6,0.34894764965395014,0.4165333333333333,0.27175343915343914,0.22286985606985607,0.21067191432005675,0.20805416540230778,0.20766084226737544
retain,dx,8,6,0.3516219401545806,0.40786666666666666,0.26640211640211636,0.21886478706478707,0.20672155807728562,0.20402571266665762,0.20368171891668688
deepr,dxtx,8,6,0.3688986722030496,0.46071111111111107,0.30944391534391535,0.2578230325230325,0.24405359667851928,0.2408420689791655,0.2404518951853135
deepr,dx,8,6,0.35647264567025383,0.43186666666666673,0.29048783068783074,0.23982580382580385,0.2260861925426941,0.22325044375042352,0.22294476427876705
bitenet,dxtx,8,7,0.305738418126825,0.33964444444444447,0.2203835978835979,0.17666955636955636,0.1660102799104347,0.16346501107299197,0.16299126802591554
bitenet,dx,8,7,0.34072089978702585,0.35,0.22595873015873016,0.18097138417138414,0.1697844847332463,0.16705774905346718,0.16652290710529188
rnn,dxtx,8,7,0.350347530369863,0.3114222222222222,0.19180899470899473,0.15471018241018242,0.14535186341006773,0.1431348058782276,0.14267281700290538
rnn,dx,8,7,0.38033318635615887,0.3359777777777778,0.20672063492063494,0.1660073926073926,0.15604047367607737,0.15373285086410676,0.15322817578609835
brnn,dxtx,8,7,0.37209107432141103,0.3194444444444445,0.20047037037037038,0.16076838346838346,0.15077993604262954,0.1483429537978212,0.14783007359160766
brnn,dx,8,7,0.3671421835444304,0.34071111111111113,0.2107201058201058,0.17079438709438707,0.16074633067883842,0.1582753362626266,0.15781163798559497
retain,dxtx,8,7,0.3214258376592639,0.4122666666666667,0.26942063492063495,0.22107986457986456,0.2080742287582845,0.2049634213048683,0.20432063742208448
retain,dx,8,7,0.3375854485172105,0.3999555555555556,0.2638169312169312,0.21538407518407518,0.20256962729965824,0.19938908523302923,0.19870424464152195
deepr,dxtx,8,7,0.3536021060946822,0.441088888888889,0.2935005291005291,0.24249150479150477,0.22865506297394844,0.22537390480844244,0.2245869396748106
deepr,dx,8,7,0.3686025618782687,0.43311111111111117,0.2840195767195767,0.23606514226514227,0.22321790129948021,0.21969199879618642,0.2188252344494221
bitenet,dxtx,8,8,0.34196125700068364,0.2879333333333333,0.17754814814814818,0.14079285899285898,0.13146080991591827,0.12934087892903076,0.1289235755172446
bitenet,dx,8,8,0.2883772605470821,0.3506666666666667,0.22655449735449737,0.18125957005957005,0.16963342626872038,0.16702339929086732,0.1665263043381402
rnn,dxtx,8,8,0.3135676975040014,0.2908888888888889,0.17504973544973546,0.1380864986864987,0.12848914173202097,0.12642210490411457,0.1260530242104362
rnn,dx,8,8,0.33219387774026,0.31431111111111115,0.1902962962962963,0.15193226033226032,0.1422843013825986,0.14022883240712963,0.13985497848752856
brnn,dxtx,8,8,0.3327588859518379,0.2956888888888889,0.17345820105820106,0.1381797683797684,0.1295600573374567,0.1276586256290685,0.12728893621248252
brnn,dx,8,8,0.33646944663036205,0.3238888888888889,0.19751798941798945,0.15818083768083768,0.14822152108870376,0.1458946197774546,0.1454328180287563
retain,dxtx,8,8,0.32454088440460205,0.40117777777777774,0.26811904761904765,0.2184109779109779,0.20504564710029108,0.20199233298496325,0.20131345518332683
retain,dx,8,8,0.33624689703581856,0.38664444444444446,0.2552957671957672,0.20554325304325305,0.19110508919471764,0.1876454731585799,0.18690693190417657
deepr,dxtx,8,8,0.3438768597799271,0.4200666666666667,0.27532910052910053,0.22488383468383472,0.2108010230796609,0.20775934166928375,0.20717799257988873
deepr,dx,8,8,0.2872882111159888,0.4341777777777778,0.2881047619047619,0.2353025419025419,0.22055032444335848,0.21735437614045364,0.21676917608720767
bitenet,dxtx,8,9,0.361843413041573,0.36888888888888893,0.23320000000000005,0.18758164058164056,0.1766548546625946,0.17432659191085356,0.17387326007453324
bitenet,dx,8,9,0.30780663148592435,0.3494888888888889,0.2210058201058201,0.17767594997595,0.16723463017317508,0.1648863134657279,0.16439078382720979
rnn,dxtx,8,9,0.3733965423959381,0.3229111111111111,0.20236137566137571,0.1634193177193177,0.15398788210413597,0.15180584558992555,0.1515872457648889
rnn,dx,8,9,0.3210717328783391,0.24833333333333332,0.14027989417989417,0.11254764864764866,0.10540032035960828,0.10386133171540222,0.10354640134989716
brnn,dxtx,8,9,0.3597994625581476,0.299,0.18194021164021165,0.14697539867539866,0.13815024100999335,0.13618346517713054,0.13578552525413315
brnn,dx,8,9,0.34646979896561936,0.33453333333333335,0.20684444444444444,0.16673715173715173,0.15703448002519207,0.15516397873903864,0.154704073331547
retain,dxtx,8,9,0.3276590085771728,0.3972666666666667,0.2574121693121693,0.21008642838642838,0.1974815034924942,0.1948200404145094,0.19423584288364518
retain,dx,8,9,0.33344257110004144,0.3983555555555555,0.25228042328042327,0.20472091612091609,0.19266794627800818,0.1899744535871242,0.18942247196295867
deepr,dxtx,8,9,0.3422290659018383,0.41635555555555553,0.26895343915343917,0.22236771376771375,0.21043773440754865,0.20769744580726004,0.20712549945646314
deepr,dx,8,9,0.31459426058674966,0.4238222222222222,0.283242328042328,0.23536783216783214,0.22239667060379134,0.21921170918839517,0.21872549284194892
bitenet,dxtx,8,10,0.34478471657706344,0.3131333333333334,0.1937698412698413,0.1541719946719947,0.14437933901323996,0.1421274838152978,0.14180745200377173
bitenet,dx,8,10,0.3483027791240833,0.3307111111111111,0.20282751322751325,0.16372628112628113,0.15392606326135738,0.15163561593091004,0.15130859456572776
rnn,dxtx,8,10,0.3336464992556447,0.34211111111111114,0.2113354497354498,0.1706235727235727,0.16094850105747938,0.15886393113464858,0.1585320375535596
rnn,dx,8,10,0.3693795717477559,0.31884444444444443,0.18393227513227514,0.14724212084212082,0.13825565140054305,0.13627104383419636,0.13594343732406108
brnn,dxtx,8,10,0.36845109179190205,0.33195555555555556,0.20151693121693123,0.16296683686683686,0.15353726457008193,0.15152133759850275,0.15117128861810897
brnn,dx,8,10,0.3681893263668395,0.3416444444444445,0.20744074074074076,0.1669964516964517,0.15734140067019325,0.15517769278387666,0.15487281635762093
retain,dxtx,8,10,0.32706459335813126,0.41637777777777774,0.27647989417989416,0.22521450031450033,0.2112635371222058,0.20822990640509684,0.20771140304383487
retain,dx,8,10,0.3588400295490903,0.4146444444444445,0.27304656084656087,0.2221024161024161,0.20860207210516812,0.2052418437345049,0.20465951185608108
deepr,dxtx,8,10,0.366132836811988,0.4529111111111111,0.29864074074074076,0.2437020979020979,0.2298613858277945,0.22643080799982537,0.22589523232815775
deepr,dx,8,10,0.3755728891013653,0.45926666666666666,0.3014809523809524,0.2474629888629889,0.2334840338081824,0.2302996395550925,0.22999772964720558
bitenet,dxtx,10,1,0.3723798244787314,0.33411111111111114,0.2062534391534392,0.16506100936100937,0.15485813125070091,0.15265694547994993,0.15218191032353545
bitenet,dx,10,1,0.3631299142146528,0.3295555555555556,0.1956798941798942,0.1566020609020609,0.14666592972444364,0.14444735013977714,0.14398720895273937
rnn,dxtx,10,1,0.4110531532399047,0.30217777777777777,0.18512698412698414,0.14818781218781218,0.13876825021097466,0.13663852814560043,0.13612292730540188
rnn,dx,10,1,0.3759224304666854,0.3171777777777778,0.18851746031746033,0.15254172494172494,0.14343101516073653,0.14141070522912225,0.14096984500803214
brnn,dxtx,10,1,0.37591095674364533,0.2936666666666667,0.18212698412698414,0.14484799644799645,0.1352260207571353,0.13305566377112615,0.13250570891542418
brnn,dx,10,1,0.3738047786491944,0.3299555555555556,0.20065079365079366,0.16201742701742702,0.1523736189678914,0.15014322182879863,0.14957408275161355
retain,dxtx,10,1,0.39081001053945086,0.40904444444444454,0.26107989417989413,0.21075766825766823,0.19744531302317683,0.19441520322958877,0.19372125293977638
retain,dx,10,1,0.36695438756860543,0.3979111111111111,0.25867407407407406,0.20816613756613758,0.19464675332121154,0.1915410177041716,0.1909327496078575
deepr,dxtx,10,1,0.39230238696782604,0.4064888888888889,0.2596989417989418,0.20958758648758646,0.19560253890130047,0.19244315625496133,0.19173220738263316
deepr,dx,10,1,0.36125807384690295,0.4215111111111111,0.26833227513227514,0.21724862544862544,0.2036587045679925,0.20037064007210192,0.19968139339710808
bitenet,dxtx,10,2,0.37486941687819225,0.33380000000000004,0.21156772486772488,0.17009351019351018,0.16010962073129253,0.15794577607353485,0.15760680611203615
bitenet,dx,10,2,0.33111470694329215,0.34077777777777785,0.22393386243386246,0.17858818588818592,0.1675059762791961,0.16500004742544117,0.16456299261137483
rnn,dxtx,10,2,0.3556842407074201,0.2906444444444444,0.17765767195767193,0.1440268805268805,0.1356674894020095,0.1338021339844802,0.13345772331639136
rnn,dx,10,2,0.36669315822710247,0.30075555555555555,0.17996984126984125,0.14468619158619156,0.13590706075257158,0.1341940172743107,0.13389540229201755
brnn,dxtx,10,2,0.35809215934851746,0.30531111111111114,0.18247989417989416,0.14660632330632328,0.1381507792173427,0.1365409931579914,0.13625442763326495
brnn,dx,10,2,0.3753118219910355,0.2958,0.1781095238095238,0.14248206238206237,0.13358379383487742,0.1316496323441942,0.13133243325550087
retain,dxtx,10,2,0.3385868570015034,0.4164888888888889,0.27037460317460316,0.22169430569430568,0.20896757710813435,0.20605341938180274,0.20537893044800345
retain,dx,10,2,0.3538651991995405,0.4134444444444445,0.2680820105820106,0.21815722425722425,0.20532471651728618,0.20252743688870223,0.20194408348603846
deepr,dxtx,10,2,0.3675076453986445,0.4338666666666666,0.2862116402116402,0.23493978613978614,0.22234175265738737,0.21974342528427734,0.2191316971231239
deepr,dx,10,2,0.37390045811952166,0.428,0.27716349206349206,0.22666103896103898,0.21364073739011818,0.21092744671943622,0.21040515235990048
bitenet,dxtx,10,3,0.3968068935214525,0.3380222222222222,0.2225989417989418,0.18068450068450068,0.16984546846342513,0.16697286792386803,0.16636073781472643
bitenet,dx,10,3,0.4230199363999477,0.3534444444444445,0.2303285714285714,0.18687560217560217,0.17534123111723732,0.17244603066551512,0.1718320242377156
rnn,dxtx,10,3,0.42440650674095476,0.31091111111111114,0.19027037037037037,0.15495588485588488,0.14616286226673222,0.14380478208604336,0.1433148041202033
rnn,dx,10,3,0.3877163290864814,0.3476444444444445,0.21994126984126985,0.1805915972915973,0.17013987730535718,0.16754911251459237,0.16706151910332082
brnn,dxtx,10,3,0.4159200065805144,0.3032,0.18165767195767196,0.14978403448403446,0.14146139946511463,0.13955066478916256,0.1391316229710403
brnn,dx,10,3,0.4161319219981062,0.3290444444444444,0.20423968253968253,0.16570792540792542,0.15557123810142384,0.15324246214308265,0.15279350981826828
retain,dxtx,10,3,0.4149728364408998,0.4085111111111111,0.2628560846560847,0.21607941687941684,0.2035028545585821,0.20047434085006838,0.1997642551928563
retain,dx,10,3,0.4294098300804928,0.4268444444444444,0.28441746031746035,0.23195718725718728,0.21723885793715517,0.21358782964177905,0.21275563693878174
deepr,dxtx,10,3,0.3971537850286082,0.43468888888888885,0.28866772486772485,0.23823300403300401,0.22473422440419344,0.22125368108278057,0.22047878599064408
deepr,dx,10,3,0.3824715434595485,0.4482666666666667,0.29215555555555556,0.2416267066267066,0.22710637065606107,0.22355430089007824,0.22273793423417138
bitenet,dxtx,10,4,0.29766797905895187,0.3680222222222222,0.23504708994708998,0.18777121027121024,0.1754462819373036,0.1725662028859202,0.17200348300044166
bitenet,dx,10,4,0.24390169732158995,0.39611111111111114,0.24473492063492064,0.19721459651459652,0.18512761107714668,0.18242846683974157,0.18191878949282284
rnn,dxtx,10,4,0.26001542598689636,0.29375555555555555,0.17772645502645507,0.14090203500203502,0.13144547038788523,0.12937534930124242,0.12893212117985337
rnn,dx,10,4,0.29538310752754643,0.33595555555555556,0.20488148148148147,0.1658143708143708,0.1555629145593542,0.15337742864430304,0.1528993287280422
brnn,dxtx,10,4,0.2920279588119722,0.29775555555555555,0.17721322751322752,0.14283826913826914,0.13380014277661337,0.13172276025575258,0.13125949817088128
brnn,dx,10,4,0.27105985506517416,0.3489333333333334,0.21174973544973547,0.17074942464942464,0.16022709349474054,0.15799310516423046,0.15752789359419134
retain,dxtx,10,4,0.22084122267747552,0.43215555555555557,0.289305291005291,0.2349268694268694,0.21978969611399954,0.21636866091731216,0.21558329085102257
retain,dx,10,4,0.23485537098670764,0.41217777777777775,0.2670804232804233,0.21543173863173865,0.20141413170592734,0.19831251052517576,0.1977004159700927
deepr,dxtx,10,4,0.2791663802221564,0.4359555555555556,0.284073544973545,0.233077688977689,0.21843138827117153,0.21483343984278835,0.2140780562566002
deepr,dx,10,4,0.26650508702689935,0.44308888888888887,0.2924693121693122,0.2378741961741962,0.22233795984430663,0.21883996498892042,0.21815926008292816
bitenet,dxtx,10,5,0.30472604721001834,0.33542222222222223,0.21461640211640212,0.1725291338291338,0.16131093064142601,0.15862662045885492,0.15796120492079574
bitenet,dx,10,5,0.3400894866188217,0.35324444444444447,0.23191587301587302,0.18656038406038405,0.1746777673879841,0.17180474398626508,0.17108090489644895
rnn,dxtx,10,5,0.35905304128093946,0.3500444444444445,0.21489894179894184,0.17465767195767193,0.16447664913918786,0.162175066856736,0.161641867693192
rnn,dx,10,5,0.37743642776213354,0.32353333333333334,0.20148571428571427,0.16386160506160505,0.15430751722764108,0.15220740178752562,0.15161267595142047
brnn,dxtx,10,5,0.3256319232302124,0.3003777777777778,0.1781481481481481,0.14535032375032372,0.13718831824636776,0.13537083157844632,0.13493872682496225
brnn,dx,10,5,0.3421661243372761,0.3344888888888889,0.2114164021164021,0.17259189329189328,0.16294610725818157,0.1606404983743118,0.16003438195348274
retain,dxtx,10,5,0.34230588248166904,0.40482222222222225,0.26218201058201057,0.21367659377659376,0.2009232684698629,0.19780198608075444,0.19700974921587386
retain,dx,10,5,0.33538958099411814,0.41082222222222226,0.2701132275132275,0.21989591889591892,0.2066608197100457,0.20383203329517233,0.20328011435842583
deepr,dxtx,10,5,0.3593238844538173,0.43786666666666674,0.2897798941798942,0.23770186850186853,0.22361222177661808,0.22031613795705596,0.21953397842225278
deepr,dx,10,5,0.33875537727206906,0.4213777777777778,0.2774941798941799,0.22618557738557737,0.21254645343190237,0.20933352413897305,0.20859486443341677
bitenet,dxtx,10,6,0.3457782990145691,0.31804444444444446,0.20842592592592593,0.1665264476264476,0.1555982799851221,0.15337806039794596,0.15299336529738883
bitenet,dx,10,6,0.37019279170968017,0.3262666666666667,0.20016507936507938,0.1601097569097569,0.14983392844971793,0.14761642170525466,0.14723165063128818
rnn,dxtx,10,6,0.41835792671994776,0.2882,0.17543544973544972,0.14338105968105969,0.13573306059838566,0.13430920841192479,0.13427750523217563
rnn,dx,10,6,0.3774169707289829,0.3235777777777778,0.20203174603174603,0.16374998334998334,0.15441356550799276,0.15249884940284186,0.15214759570124334
brnn,dxtx,10,6,0.3673017376234123,0.32033333333333336,0.19510370370370372,0.15784192104192102,0.14868625082061615,0.1468661554570425,0.1465220956513735
brnn,dx,10,6,0.3844037934598194,0.35824444444444453,0.22244444444444442,0.17922588522588523,0.16875666724629573,0.16651606871439284,0.16607725696845466
retain,dxtx,10,6,0.34786671975194106,0.41631111111111113,0.26554814814814814,0.21728823028823027,0.20447663758097193,0.2016197381518986,0.20106953984445888
retain,dx,10,6,0.3255908661988302,0.3979777777777778,0.2577063492063492,0.21154140304140304,0.19953785413646094,0.19691182113564537,0.19649123982678815
deepr,dxtx,10,6,0.36490528328422983,0.4355111111111111,0.2949513227513228,0.2429112739112739,0.22985345881042477,0.22698287972767175,0.22643981618414846
deepr,dx,10,6,0.36645119691552536,0.43091111111111113,0.2782746031746032,0.2289834794834795,0.2162157570728778,0.21322758592035881,0.21264223456673162
bitenet,dxtx,10,7,0.3541194074701436,0.31471111111111116,0.20371269841269843,0.1618049173049173,0.15162059784613963,0.14980929977223287,0.14927865432572535
bitenet,dx,10,7,0.3567534915210972,0.3599333333333334,0.225973544973545,0.1809151589151589,0.17000918482961827,0.16796986617725612,0.16742866622778033
rnn,dxtx,10,7,0.34372796622094653,0.30793333333333334,0.18940846560846558,0.15243555703555703,0.14348416957999002,0.1417385594413364,0.14124138795382007
rnn,dx,10,7,0.3674385439866118,0.33577777777777784,0.21286190476190475,0.1707070152070152,0.16020668267634214,0.15826081279742876,0.15769574858960592
brnn,dxtx,10,7,0.37386276850244415,0.31724444444444444,0.19020634920634918,0.15321308321308322,0.14483854474272428,0.14374862316671577,0.14329592138573813
brnn,dx,10,7,0.3408955306689917,0.3409111111111111,0.20876666666666668,0.16894897324897326,0.15908142938932412,0.15717347907876514,0.1566589828470275
retain,dxtx,10,7,0.332664535961267,0.4140666666666666,0.27009576719576717,0.22238919228919227,0.2098526507720006,0.20707826969414125,0.20630323032737777
retain,dx,10,7,0.33452866465132725,0.42153333333333337,0.2758613756613757,0.22650378880378882,0.21295342760667835,0.20994068276697703,0.20900652420523227
deepr,dxtx,10,7,0.38117305297126103,0.40040000000000003,0.26141904761904766,0.21391952491952493,0.2012873726434098,0.19877140091787282,0.19810946836766447
deepr,dx,10,7,0.3383695598461082,0.4418222222222222,0.2913074074074074,0.24051262441262444,0.22686223013885554,0.22378600452871686,0.22300497187044285
bitenet,dxtx,10,8,0.36095619509356547,0.3357111111111111,0.22374656084656086,0.18133721463721464,0.1703896512843881,0.16780507006850257,0.16716879220417874
bitenet,dx,10,8,0.37134745020859256,0.35208888888888895,0.21555925925925926,0.17432698042698042,0.1637287806792451,0.16123062395674054,0.16063214155366043
rnn,dxtx,10,8,0.3762037528355532,0.3224,0.19615026455026457,0.15678716098716097,0.14672287936808062,0.14432787968177657,0.14374847465087728
rnn,dx,10,8,0.3560128845492503,0.34284444444444445,0.21081164021164023,0.17384591704591704,0.16490026420088338,0.1628592904886053,0.16237743943204164
brnn,dxtx,10,8,0.36110565057590127,0.3311111111111111,0.20294761904761904,0.16677736707736707,0.15806277012747602,0.1559510203313784,0.15541232806578956
brnn,dx,10,8,0.36109402028800924,0.3530444444444445,0.21282486772486778,0.172924457024457,0.16287911818716772,0.16053961382679377,0.1599650394696907
retain,dxtx,10,8,0.3556239504054561,0.3996,0.2657126984126984,0.21801917711917712,0.2045372713744231,0.20126565333063112,0.20039669960236703
retain,dx,10,8,0.3691647692770771,0.4216222222222222,0.2758005291005291,0.22619393569393567,0.21307150134007719,0.20995375618667986,0.20915678501821441
deepr,dxtx,10,8,0.37621635108085666,0.4170888888888889,0.276,0.226210286010286,0.21277711789987333,0.2095777327439664,0.2087964717912112
deepr,dx,10,8,0.3669594459184195,0.4415333333333334,0.291641798941799,0.23973759203759207,0.2254716878981585,0.22201691156338216,0.22108957096017945
bitenet,dxtx,10,9,0.32281420606189903,0.3381111111111111,0.22248677248677248,0.17995821215821214,0.16969075429787503,0.16775964444154778,0.1675368221042427
bitenet,dx,10,9,0.3609491535945992,0.3827777777777778,0.2428957671957672,0.19591916601916604,0.18424097544469062,0.1819259857966575,0.18163783306390704
rnn,dxtx,10,9,0.3516310527611688,0.33044444444444443,0.19897724867724867,0.16228514078514078,0.15368217094223288,0.1523237733012265,0.15215740238818895
rnn,dx,10,9,0.3714840815047944,0.32680000000000003,0.1907089947089947,0.15382947422947424,0.1451915313330174,0.14357019373341892,0.14338831376579184
brnn,dxtx,10,9,0.3585860894131428,0.33457777777777775,0.20668359788359786,0.16664013024013025,0.15721191099921747,0.15558942276281623,0.1553993644260912
brnn,dx,10,9,0.3854072985920533,0.3354444444444445,0.20248730158730158,0.1639060606060606,0.1549147178701358,0.1532989490013235,0.15312292216736562
retain,dxtx,10,9,0.33144576682585714,0.42713333333333336,0.2811121693121693,0.230028416028416,0.21723545650542553,0.21497076235899226,0.21472178477208365
retain,dx,10,9,0.367502407384769,0.4203777777777778,0.27311904761904765,0.22245393495393492,0.20990349349079998,0.20758628914924784,0.2073542274348873
deepr,dxtx,10,9,0.3705034101142132,0.4461555555555556,0.29412222222222223,0.24468170718170715,0.23276304092078084,0.23067810836541353,0.2304140468756049
deepr,dx,10,9,0.3372263617677863,0.47213333333333335,0.31991269841269837,0.26503712953712955,0.2514128574040339,0.24897972084062273,0.24887634269784956
bitenet,dxtx,10,10,0.3580918045996945,0.35315555555555556,0.23268835978835978,0.18464153994153995,0.17134952067769404,0.16819264132516254,0.16740459010860556
bitenet,dx,10,10,0.34030637211420256,0.37744444444444447,0.25110582010582005,0.19814646834646835,0.183703227892392,0.18013289851162784,0.17926577207484623
rnn,dxtx,10,10,0.3592440358110385,0.3155777777777778,0.18955079365079366,0.15074759684759684,0.14046394245016536,0.13799773127004114,0.13735663620503802
rnn,dx,10,10,0.35582503987069924,0.30820000000000003,0.18052063492063491,0.14564999444999444,0.1362086975803694,0.1340812692598976,0.13352521201786335
brnn,dxtx,10,10,0.3228047901171387,0.34922222222222227,0.20992275132275132,0.16623372923372923,0.1546097654151834,0.15206902441705109,0.15140274547674915
brnn,dx,10,10,0.3590938762965912,0.33862222222222227,0.20803015873015876,0.16453338883338883,0.1538569813113157,0.1511499018207579,0.15086727549859139
retain,dxtx,10,10,0.3021197470608546,0.4094000000000001,0.26472751322751326,0.21353790283790283,0.19945000272059096,0.19581521258319207,0.19484388992543267
retain,dx,10,10,0.31364462140313604,0.41719999999999996,0.27573333333333333,0.2208737114737115,0.20500681443313018,0.20104052294683872,0.1999668012321975
deepr,dxtx,10,10,0.3300261242021377,0.4288,0.28672645502645505,0.23264518814518814,0.21678025106987953,0.2123143949935887,0.21113250697951677
deepr,dx,10,10,0.2998719021775623,0.4507111111111112,0.3004275132275132,0.2442508750508751,0.228652040546313,0.22477323447315908,0.2236981059405593
bitenet,dxtx,12,1,0.3452712219603874,0.35257777777777777,0.22356825396825397,0.17760901320901318,0.16604215161057265,0.16314093823457668,0.1624468399276048
bitenet,dx,12,1,0.3819291886076457,0.3761777777777778,0.2397962962962963,0.19233922003922002,0.1805939098683681,0.17777135763798976,0.17713996097165058
rnn,dxtx,12,1,0.3302443785598301,0.3326222222222222,0.20363597883597886,0.16336178636178636,0.15336345474843927,0.15109361849773342,0.1507926609707989
rnn,dx,12,1,0.3364671409280165,0.3076888888888889,0.1810973544973545,0.14232228512228512,0.13297641308926136,0.1309594634688335,0.13053068526534264
brnn,dxtx,12,1,0.3834692429580647,0.3209555555555556,0.1933349206349206,0.1535964368964369,0.1437736356121805,0.14145205332972866,0.14098180674362001
brnn,dx,12,1,0.3512168679873653,0.3346222222222222,0.19730105820105823,0.1569075628075628,0.14713289820487963,0.1449774894590361,0.14461245425584
retain,dxtx,12,1,0.3192270526202442,0.4047111111111111,0.2654010582010582,0.21615672475672476,0.2032171306734774,0.20036159393967978,0.19968303088502481
retain,dx,12,1,0.3078514141816007,0.41655555555555557,0.2759767195767196,0.22406756206756206,0.20991887499039202,0.20667134879677884,0.20591666038599848
deepr,dxtx,12,1,0.3509593816066525,0.43857777777777784,0.2946492063492064,0.24352111962111964,0.2293549861501874,0.22593652827955557,0.22525119311238134
deepr,dx,12,1,0.3390242230780026,0.4385555555555556,0.2916058201058201,0.23977804787804788,0.22599713972531307,0.22273797415658228,0.221927964004963
bitenet,dxtx,12,2,0.29460483237800095,0.3424666666666667,0.2187322751322751,0.1734246494246494,0.16105714569801258,0.15818211087776035,0.15760887634728446
bitenet,dx,12,2,0.31602875585139145,0.34806666666666675,0.22698994708994708,0.18226702556702556,0.16998372663341701,0.16705245240040367,0.16645605178101452
rnn,dxtx,12,2,0.32736622275754024,0.3380888888888889,0.20893544973544975,0.16967217967217968,0.1591282225571699,0.15667442118945554,0.15613914941142512
rnn,dx,12,2,0.32594314164024646,0.331,0.20070000000000002,0.1619001554001554,0.15161330182831728,0.14921824191238783,0.14906308680780744
brnn,dxtx,12,2,0.33161684331158287,0.2899555555555556,0.174015873015873,0.14038778998779,0.131259788611801,0.1292195376550283,0.12902966681918046
brnn,dx,12,2,0.3441646193536837,0.34011111111111114,0.20834603174603178,0.1671011211011211,0.15598726947860075,0.15335156585854928,0.15281837156029754
retain,dxtx,12,2,0.30058904246388907,0.39757777777777786,0.2585825396825397,0.21003041403041403,0.19613580905392047,0.19299730601106962,0.19238334112538064
retain,dx,12,2,0.31931946248661985,0.4080888888888889,0.2671100529100529,0.21684110704110704,0.20221244633705934,0.1988847093397571,0.1981563030504313
deepr,dxtx,12,2,0.29672142874379087,0.4604222222222223,0.31140846560846563,0.25692315092315093,0.240891394243871,0.2369337093200991,0.23613164044814525
deepr,dx,12,2,0.31299159805729326,0.43757777777777784,0.2956587301587301,0.24424498464498465,0.22877303434439658,0.22498074875558927,0.22411092694691684
bitenet,dxtx,12,3,0.35795971759095097,0.336,0.21885238095238094,0.17773780663780664,0.16701850265890514,0.16450222685741195,0.16419097914386538
bitenet,dx,12,3,0.3633720663732408,0.3526444444444445,0.22441005291005292,0.18233379583379583,0.17134034324808317,0.1686389880815106,0.16826361469372342
rnn,dxtx,12,3,0.38002784537021794,0.3076666666666667,0.18732804232804232,0.15235446035446035,0.14318206040032666,0.14104088215827884,0.14079413493360057
rnn,dx,12,3,0.36752528584056354,0.33042222222222223,0.2099089947089947,0.17194458134458138,0.16206129961083518,0.15965636329111627,0.1593715999829047
brnn,dxtx,12,3,0.3545455020924789,0.319,0.20117777777777776,0.16512367632367633,0.15584490668716675,0.15380492483327182,0.15364671694494902
brnn,dx,12,3,0.39768933977031673,0.3234,0.2015079365079365,0.16445341325341323,0.15474187214574212,0.15248408182012568,0.15222389048315274
retain,dxtx,12,3,0.35824994853071646,0.4130444444444445,0.27394285714285715,0.2256866022866023,0.21238528936377232,0.20898670099561875,0.20848351544553664
retain,dx,12,3,0.36458297476728707,0.41217777777777775,0.2722910052910053,0.22529039109039112,0.2110855865954937,0.20765932145966334,0.2071937255315387
deepr,dxtx,12,3,0.3779484840963301,0.4355111111111111,0.29313492063492064,0.2435948606948607,0.2305587057650525,0.22722652557808973,0.22683099441166923
deepr,dx,12,3,0.33681820891032405,0.4371333333333334,0.29249788359788365,0.2441228586228586,0.22947036023258935,0.22600178964054046,0.22540913043086974
bitenet,dxtx,12,4,0.343599702740396,0.3360666666666667,0.2179068783068783,0.1754235172235172,0.1641474135656798,0.1617780578971937,0.16140040474574746
bitenet,dx,12,4,0.3378161452018049,0.28573333333333334,0.17497936507936507,0.14225395715395717,0.13353014681110656,0.13165420729168878,0.13135419129236245
rnn,dxtx,12,4,0.37086423996248646,0.3175777777777778,0.19655714285714285,0.1613304806304806,0.15227861157876638,0.15053461692607606,0.15021867907082787
rnn,dx,12,4,0.3811356363916115,0.34097777777777777,0.21278888888888892,0.17277381507381506,0.16270155845186807,0.16064834683256948,0.16025884407479085
brnn,dxtx,12,4,0.399305093209513,0.291,0.17393597883597886,0.14177886927886926,0.13359010652230466,0.1320758429758672,0.13177268268787934
brnn,dx,12,4,0.38462674037849887,0.30633333333333335,0.19224656084656083,0.1575109631109631,0.14875478262707365,0.14707118767130478,0.14674087231616184
retain,dxtx,12,4,0.3322579238523219,0.3970444444444445,0.26110634920634923,0.21570128760128757,0.20261739240578247,0.1997556570396993,0.19915595513241116
retain,dx,12,4,0.3578862181968474,0.4096444444444445,0.26794497354497354,0.22085029045029045,0.20823392191457205,0.20538877479116407,0.20483780851605987
deepr,dxtx,12,4,0.34255819070089255,0.43128888888888894,0.28220158730158734,0.2336888555888556,0.2203094405479854,0.21740504629489552,0.21687161359732493
deepr,dx,12,4,0.37666164842882444,0.4491333333333334,0.30896931216931217,0.258596928996929,0.244509776664111,0.24120770559508348,0.24055663069297403
bitenet,dxtx,12,5,0.3283739942220914,0.3220888888888889,0.20431375661375664,0.1652373885373885,0.15630222055206575,0.15476545789443352,0.15460100877182348
bitenet,dx,12,5,0.2953803215466216,0.33724444444444446,0.20784074074074074,0.16907288637288637,0.16030877101914254,0.15876331270933638,0.15858007869345872
rnn,dxtx,12,5,0.340964016319409,0.3104666666666667,0.1936740740740741,0.1578942760942761,0.1498610230269673,0.14826488901605067,0.14809568294753425
rnn,dx,12,5,0.31237878197569957,0.3245555555555556,0.20035608465608468,0.1628261923261923,0.15417881817185222,0.1525650306067603,0.1524110820946509
brnn,dxtx,12,5,0.3434302874986384,0.31731111111111115,0.19401957671957673,0.15881551411551414,0.15057950333693368,0.1490158368584846,0.14887136874252221
brnn,dx,12,5,0.33417285739292,0.29013333333333335,0.17841428571428575,0.14518147408147408,0.13759841021265168,0.13612629652923366,0.13597517531328487
retain,dxtx,12,5,0.31076363632512655,0.38033333333333336,0.24722169312169312,0.20396278166278167,0.19325695664271514,0.19108411267508854,0.19081412694349364
retain,dx,12,5,0.29055265947343056,0.39180000000000004,0.24876137566137566,0.2034213601213601,0.1930907042332739,0.19101895945631173,0.19081159845630702
deepr,dxtx,12,5,0.3229423802630392,0.41035555555555553,0.26917142857142856,0.22372471972471972,0.21240376455902774,0.21032519752219983,0.21014792835458582
deepr,dx,12,5,0.2974619827562949,0.43131111111111115,0.28136984126984127,0.2330194435194435,0.22128318047621454,0.21902636051678587,0.2188148177981167
bitenet,dxtx,12,6,0.3644054064797901,0.3499111111111111,0.21805714285714287,0.17765623265623265,0.16816170794576366,0.16610558899225342,0.16572017120867472
bitenet,dx,12,6,0.37280486886583375,0.3949333333333334,0.25635555555555556,0.20983476523476524,0.19875772131778324,0.1962630591683385,0.19577808047738274
rnn,dxtx,12,6,0.3672273773249225,0.29733333333333334,0.1766492063492064,0.1450279165279165,0.13774994955165232,0.13597364990926575,0.13559600087460522
rnn,dx,12,6,0.34496169859202597,0.31817777777777784,0.19621269841269842,0.16055608835608837,0.152008502070112,0.14994285679751018,0.14951793284109197
brnn,dxtx,12,6,0.35350426466800894,0.31633333333333336,0.19964656084656082,0.1633172457172457,0.1548223598096663,0.15269564044207737,0.15225603640201354
brnn,dx,12,6,0.40566054113830174,0.33875555555555553,0.20632275132275132,0.1696979538979539,0.16139335006811786,0.15936927453012928,0.1589442777814544
retain,dxtx,12,6,0.39801606253630595,0.4000222222222222,0.2676164021164021,0.22127691937691937,0.20917387172511012,0.20613859975070772,0.20555770275923602
retain,dx,12,6,0.35010706319011936,0.41626666666666673,0.2776740740740741,0.2288838420838421,0.2156144521056286,0.21228988971150095,0.21159296186284898
deepr,dxtx,12,6,0.35130540627084117,0.4347555555555556,0.2933878306878307,0.2422613127613128,0.22932100097471614,0.22625103297170468,0.22566265802608831
deepr,dx,12,6,0.3883900254899787,0.44264444444444445,0.2925428571428571,0.24347241647241646,0.23088086733814286,0.22782096395650034,0.22711510380558275
bitenet,dxtx,12,7,0.3383032345322439,0.3484666666666667,0.22271322751322753,0.17928347948347947,0.16844529005566156,0.1664595820438666,0.1661542510870414
bitenet,dx,12,7,0.3049972116352423,0.3769111111111112,0.24737671957671958,0.1985000185000185,0.18593237144119495,0.18372058776593303,0.18338721625876842
rnn,dxtx,12,7,0.36227548275189747,0.30986666666666673,0.19360740740740742,0.15500241240241242,0.1452370586585757,0.14351690181059276,0.1433133611877418
rnn,dx,12,7,0.34264340644718716,0.33653333333333335,0.2111809523809524,0.16985902985902987,0.15923152727905052,0.15725428152963086,0.15696210389032675
brnn,dxtx,12,7,0.36106297457135667,0.31562222222222225,0.19174179894179894,0.15422120842120843,0.14485167511080824,0.1431971836119689,0.14296849672627054
brnn,dx,12,7,0.3639912910669591,0.31028888888888895,0.2008058201058201,0.1627790246790247,0.1531594053693125,0.15135326571186847,0.15107460142170995
retain,dxtx,12,7,0.31943759039910957,0.39715555555555554,0.258494708994709,0.2098014689014689,0.19692493197090719,0.19465863672026415,0.19457015383106158
retain,dx,12,7,0.3598539942847949,0.41215555555555555,0.27417883597883597,0.22292144892144894,0.20899234675426628,0.2063924007099724,0.20604457797502324
deepr,dxtx,12,7,0.3474961563746273,0.42117777777777776,0.27645026455026456,0.22768112258112258,0.2147890287845396,0.2122420986132616,0.21187484390117933
deepr,dx,12,7,0.3366915857628254,0.40708888888888894,0.2664867724867725,0.21687931327931328,0.2035661337744929,0.20114568581665368,0.20078476983182963
bitenet,dxtx,12,8,0.3966299484579577,0.3101555555555556,0.20346084656084656,0.16476616346616346,0.1553945776388501,0.1531311545884705,0.15281472533870794
bitenet,dx,12,8,0.3978223973206799,0.37366666666666665,0.24321534391534394,0.19766065416065415,0.18686505159214137,0.18439814275218908,0.1840595292669089
rnn,dxtx,12,8,0.3874647173289512,0.3321777777777778,0.208,0.16936297036297035,0.16006005211964963,0.1578675130645019,0.15756861009433454
rnn,dx,12,8,0.40384537059682546,0.3148,0.18854867724867722,0.15186564916564915,0.14316617662809614,0.1411983091332721,0.14089142895512757
brnn,dxtx,12,8,0.3903869913030805,0.31708888888888886,0.20024603174603173,0.16227688977688978,0.15308716956131815,0.1509136003286185,0.15061084891230386
brnn,dx,12,8,0.3994236437372604,0.31222222222222223,0.19069682539682542,0.15417536907536908,0.14523707644837677,0.1431523910854305,0.14286451735847633
retain,dxtx,12,8,0.3550625738635935,0.4078888888888889,0.274805291005291,0.22559982979982976,0.21261298441840237,0.20974703925245722,0.20935054974792172
retain,dx,12,8,0.39192073696170665,0.4222666666666667,0.27671904761904764,0.22827737817737817,0.2153185947809787,0.2120266793534111,0.2116508284184797
deepr,dxtx,12,8,0.41800833876912197,0.43191111111111113,0.2825851851851852,0.2333281755281755,0.2209562274613358,0.2178963780353994,0.21745103762867968
deepr,dx,12,8,0.36732994711151346,0.4547555555555555,0.29797142857142855,0.24593564953564953,0.2322215436953827,0.2287993515879732,0.22831669513842018
bitenet,dxtx,12,9,0.3437831094062813,0.3164666666666667,0.21199365079365082,0.16781183261183263,0.15698518429168584,0.15451271424965057,0.15403500187262786
bitenet,dx,12,9,0.3473485381076447,0.3351333333333333,0.20625343915343913,0.16556814666814668,0.15582675233263468,0.15364041818369184,0.15324872174050114
rnn,dxtx,12,9,0.33606990243587104,0.31066666666666665,0.18882010582010583,0.15288630628630628,0.144370969742332,0.1424052240870211,0.1420515066762922
rnn,dx,12,9,0.38091381128622637,0.31782222222222223,0.18490105820105823,0.14680799570799571,0.13789792232191614,0.13600162895344886,0.13565391344205516
brnn,dxtx,12,9,0.3562689117619947,0.30522222222222223,0.1826809523809524,0.14750859140859138,0.1392430427329808,0.13749855060674956,0.13714082288534368
brnn,dx,12,9,0.3833583107788455,0.3339555555555555,0.202694708994709,0.16255984385984387,0.15267288708883137,0.1504937102270458,0.1501216474834888
retain,dxtx,12,9,0.35669393487327683,0.42128888888888893,0.27253333333333335,0.22314456654456657,0.21080688164604575,0.20797190831020282,0.2075065872710887
retain,dx,12,9,0.34819067275386795,0.41211111111111115,0.2730169312169312,0.2238365116365116,0.2111786296893108,0.20822186201254309,0.20770156560397088
deepr,dxtx,12,9,0.31336458099655046,0.4481555555555556,0.29593174603174605,0.2442759573759574,0.23044338656985716,0.2273041645358525,0.22675124072913558
deepr,dx,12,9,0.3528823997739458,0.44860000000000005,0.2998830687830688,0.2486168461168461,0.2340584869837192,0.2309398597172658,0.23046947334756912
bitenet,dxtx,12,10,0.3403832519334339,0.3404666666666667,0.22580582010582012,0.18108767158767158,0.16925400572366517,0.16655834225669733,0.16602462082274602
bitenet,dx,12,10,0.3244441608159988,0.33780000000000004,0.20861111111111114,0.16867216117216116,0.15855437651443843,0.15622902862561228,0.15570735983038025
rnn,dxtx,12,10,0.3618502148394332,0.3340666666666667,0.19806084656084658,0.16049134939134937,0.1507123389567662,0.14846431963309467,0.1479391538155151
rnn,dx,12,10,0.39522580588191947,0.3377777777777778,0.20443386243386244,0.16614432974432974,0.15647161445938534,0.1543511589728429,0.15387203528682267
brnn,dxtx,12,10,0.3816295024000026,0.3174222222222222,0.18753174603174602,0.15225523365523363,0.14315401819829063,0.14109413112883837,0.14096918780481454
brnn,dx,12,10,0.3811973803521169,0.34619999999999995,0.20661164021164022,0.1664226292226292,0.15630373230713787,0.15402882672962362,0.15350467476409232
retain,dxtx,12,10,0.381040142661828,0.41017777777777775,0.26495238095238094,0.21629382469382472,0.2032753716985915,0.20015933430603242,0.19938539580519732
retain,dx,12,10,0.3485570016788609,0.41531111111111113,0.27147566137566137,0.22155549265549265,0.20777066866741786,0.20459302891586512,0.2039294300030708
deepr,dxtx,12,10,0.3496875919914605,0.43273333333333336,0.2793973544973545,0.22906203796203795,0.21524335891147037,0.2122992520038852,0.21155495305039082
deepr,dx,12,10,0.35554334697308676,0.43335555555555555,0.2842571428571428,0.23392414252414248,0.22030643813244433,0.21745433155946814,0.21670327415369814
bitenet,dxtx,14,1,0.315643206946691,0.2910444444444445,0.18328835978835975,0.14376264106264106,0.13360746390405834,0.13144811388209962,0.13109681826413733
bitenet,dx,14,1,0.3610726558992985,0.3650666666666667,0.22815925925925926,0.17996856106856102,0.16732213290665304,0.16462846329124428,0.16416810784422217
rnn,dxtx,14,1,0.33960779201068414,0.27613333333333334,0.1585888888888889,0.12477867687867687,0.11683779853903692,0.11527589001278056,0.11503536905225963
rnn,dx,14,1,0.32453548442684627,0.26980000000000004,0.1582920634920635,0.12571441891441892,0.11797805840530298,0.11647066396399551,0.1162752223685539
brnn,dxtx,14,1,0.35257734960895115,0.3015111111111111,0.1816761904761905,0.14417566877566879,0.13501661018147085,0.13314182631799132,0.13286262946546115
brnn,dx,14,1,0.3295919747234366,0.3225111111111111,0.1957089947089947,0.15462525622525622,0.1445430179498291,0.1425022173977242,0.1421334316156051
retain,dxtx,14,1,0.2787661511558903,0.41175555555555565,0.2630634920634921,0.2120788618788619,0.19921667864299442,0.196572463823997,0.1961490965739631
retain,dx,14,1,0.31694011940048217,0.4084888888888889,0.26170582010582005,0.20936613756613753,0.19560473405736561,0.19231893695591637,0.1917439919009713
deepr,dxtx,14,1,0.3311876759526456,0.4338444444444444,0.28334761904761907,0.22795043845043844,0.21289554795622906,0.20977019253869972,0.20918219091069812
deepr,dx,14,1,0.27097245679302356,0.40677777777777774,0.26144761904761904,0.20993963813963812,0.19590253230315147,0.19299668124599612,0.19250285408550227
bitenet,dxtx,14,2,0.3882266688346375,0.2998,0.18692433862433858,0.15045947015947017,0.14108200771250307,0.13912904077605787,0.13860903460087928
bitenet,dx,14,2,0.3596200056910309,0.3280888888888889,0.2207111111111111,0.178795226995227,0.16797674860972076,0.16577146095052003,0.16517643552469002
rnn,dxtx,14,2,0.4135900569680758,0.30535555555555555,0.18645079365079367,0.15136539016539016,0.14252173118132871,0.14067770708947852,0.14017547195551924
rnn,dx,14,2,0.39631422768569474,0.32704444444444447,0.20603333333333335,0.1678038739038739,0.15809760168738496,0.15601197398175726,0.1554448281773701
brnn,dxtx,14,2,0.3923052690490765,0.33180000000000004,0.2098068783068783,0.17070546860546862,0.16096530119347457,0.15893780887902573,0.15839985726061434
brnn,dx,14,2,0.41342446746698785,0.3016888888888889,0.18154708994708996,0.1488003478003478,0.14099661543020678,0.13955034653002482,0.1391585473543176
retain,dxtx,14,2,0.3760438246966858,0.4194222222222223,0.27745502645502645,0.22774804454804454,0.21405590620822817,0.21111546075995663,0.21029408696984722
retain,dx,14,2,0.38459555281770913,0.3932666666666667,0.2576306878306878,0.21211748991748988,0.19991555779961354,0.1971425958823038,0.19639215614212416
deepr,dxtx,14,2,0.38968273162474804,0.4637111111111111,0.3196915343915344,0.2659306804306804,0.25175684274445886,0.24855963754437035,0.24770613542282224
deepr,dx,14,2,0.35527278106062066,0.4565333333333333,0.31303915343915345,0.26227465867465866,0.24816784444199302,0.24509626694753225,0.2443340075412801
bitenet,dxtx,14,3,0.3737694738502242,0.36517777777777777,0.2334142857142857,0.1906961371961372,0.1800449848053563,0.1777330016194601,0.17732588856223208
bitenet,dx,14,3,0.3696163827159912,0.4101111111111111,0.2612153439153439,0.21440819550819548,0.20264355842529216,0.20003113857461147,0.19957735838290022
rnn,dxtx,14,3,0.38812406855734277,0.31684444444444443,0.19691957671957672,0.16155019055019057,0.15283852249115407,0.15090285149548308,0.1505550270763943
rnn,dx,14,3,0.37300921465800796,0.3338444444444445,0.2063687830687831,0.16823616753616755,0.15864275508346715,0.15651893175703513,0.15621356019373253
brnn,dxtx,14,3,0.36278696388927467,0.3349777777777778,0.2039232804232804,0.16656885706885707,0.15750142787495727,0.15548712208412976,0.15519052994064106
brnn,dx,14,3,0.35883574896155745,0.3093777777777778,0.19325238095238095,0.15721197691197691,0.14828660711493527,0.1464697566224326,0.14610743756218253
retain,dxtx,14,3,0.35373851917330856,0.4045111111111111,0.274994708994709,0.22597561697561697,0.21251777957164952,0.20937645702945742,0.20896810519397915
retain,dx,14,3,0.3836972546123972,0.42562222222222224,0.2819613756613757,0.23242775372775373,0.21968451327367738,0.21680414436722148,0.21649409062360456
deepr,dxtx,14,3,0.37873452437702565,0.4455111111111111,0.2903068783068783,0.24096293336293334,0.22831319136086933,0.22544103250523226,0.22498106497170148
deepr,dx,14,3,0.3259629560874173,0.4309555555555556,0.28403333333333336,0.23675092685092686,0.22404987765932038,0.22081609323118812,0.22027583172173126
bitenet,dxtx,14,4,0.4066053084963927,0.2784888888888889,0.17485714285714285,0.14057737817737817,0.13202748710984005,0.1298578340575783,0.12947986035822528
bitenet,dx,14,4,0.37380250779845303,0.30593333333333333,0.19273597883597884,0.15614310504310505,0.14713015928000447,0.1448232015034815,0.14442474436249558
rnn,dxtx,14,4,0.4325749173622425,0.30695555555555554,0.1831994708994709,0.14833313723313724,0.13944873177504755,0.13725094395899887,0.13673534573857304
rnn,dx,14,4,0.4090919780259107,0.31784444444444443,0.19364761904761907,0.1567322899322899,0.1473298246186791,0.14488637772740615,0.14431124984974952
brnn,dxtx,14,4,0.42094144875325984,0.2968444444444444,0.18035132275132276,0.14618837458837458,0.13755337860167582,0.1354073769704568,0.13493952672789392
brnn,dx,14,4,0.40120317418064017,0.2910666666666667,0.17272751322751326,0.1396122951122951,0.13144002702377316,0.1293065230398344,0.12879428392943434
retain,dxtx,14,4,0.3561477218566873,0.4005777777777778,0.26086031746031746,0.21406615606615606,0.20182273214688076,0.19856252887189488,0.1980542340164736
retain,dx,14,4,0.3904659337058867,0.4140444444444445,0.2666708994708995,0.21864946164946164,0.20606477526028608,0.20280081139806133,0.20240809024947817
deepr,dxtx,14,4,0.3666270092944484,0.44026666666666664,0.2941492063492064,0.243614467014467,0.22915823738811356,0.22564968227173232,0.22499211594703958
deepr,dx,14,4,0.380126638931992,0.41639999999999994,0.2709089947089947,0.22374360454360454,0.2113791337260377,0.20832072353719278,0.2076931816793061
bitenet,dxtx,14,5,0.38822749153117475,0.3562222222222223,0.21635343915343916,0.17133867613867615,0.15880162763506417,0.1558207869298756,0.1551101030288469
bitenet,dx,14,5,0.3613143298253284,0.37660000000000005,0.2327740740740741,0.18422351352351352,0.17089192884285762,0.16770277895892513,0.16692655713902518
rnn,dxtx,14,5,0.3587291414864071,0.31764444444444445,0.1938079365079365,0.1532872127872128,0.14216466376760495,0.1395619866379713,0.13885390847518048
rnn,dx,14,5,0.32761044277413054,0.3224222222222223,0.19087724867724867,0.15036846856846856,0.13928491163692402,0.13666927075606575,0.13603444405871032
brnn,dxtx,14,5,0.37552138790263534,0.34313333333333335,0.21222910052910052,0.1677862766862767,0.1556483223232449,0.15283876337977292,0.15224762588380786
brnn,dx,14,5,0.3573711056957207,0.34642222222222224,0.20914867724867725,0.16625299515299516,0.15460783404761733,0.15197643684578532,0.15134116478706502
retain,dxtx,14,5,0.2803215223261528,0.4207777777777778,0.2761089947089947,0.2204989824989825,0.20402017272946069,0.20013322624599245,0.19921143937386077
retain,dx,14,5,0.35350009237924296,0.42211111111111116,0.2779142857142857,0.2221817293817294,0.206326311425073,0.2024169294061258,0.20145313784647217
deepr,dxtx,14,5,0.36083574173283384,0.4544222222222223,0.30373756613756614,0.24466435046435048,0.22687521504410052,0.22257422125528062,0.22149645115820019
deepr,dx,14,5,0.31171056884153037,0.4532888888888889,0.2973126984126984,0.23939834609834612,0.2226014191404284,0.21877855321408424,0.21782561499861727
bitenet,dxtx,14,6,0.3298148796194441,0.3175777777777778,0.19915132275132277,0.15867308987308987,0.14837561825286283,0.14601136704513337,0.14573105080113896
bitenet,dx,14,6,0.3004989407228008,0.3556444444444445,0.23557883597883597,0.18702137122137122,0.17449389157454176,0.17159511498880864,0.1712420197741042
rnn,dxtx,14,6,0.3100561629114338,0.33948888888888895,0.20878994708994708,0.16731411181411182,0.15738448218448217,0.15527596596640075,0.15504359755150357
rnn,dx,14,6,0.3269352234521394,0.31524444444444444,0.19734444444444443,0.15612737262737264,0.14595736918740015,0.14374647766346516,0.14349830453391269
brnn,dxtx,14,6,0.3354894207021054,0.3092888888888889,0.18391058201058202,0.14633078403078403,0.13723432720243867,0.13524020084570362,0.13515622253367932
brnn,dx,14,6,0.3299175530632303,0.31702222222222226,0.19224179894179894,0.1540101195101195,0.14486576106498708,0.143016919857885,0.14282457951198144
retain,dxtx,14,6,0.29571589463168485,0.40306666666666663,0.2645111111111111,0.21405729825729827,0.20070024631371383,0.19752610615435628,0.19716550809766625
retain,dx,14,6,0.34793706299801547,0.4149111111111112,0.26419100529100525,0.21290369260369257,0.1991387745897034,0.1962689370842137,0.19591424455664763
deepr,dxtx,14,6,0.3364216198475,0.4284888888888889,0.2799433862433862,0.22748005698005697,0.21301480643539464,0.20971756068597502,0.2093519908620144
deepr,dx,14,6,0.3516254760182815,0.4296222222222222,0.27926402116402116,0.22532307322307324,0.21101394009613822,0.20791884504626057,0.20747858643726635
bitenet,dxtx,14,7,0.40271560903200543,0.3831111111111112,0.24692010582010585,0.200858966958967,0.1896343826223083,0.18738902344042738,0.18686917987828497
bitenet,dx,14,7,0.3612201562063215,0.3871555555555556,0.2534899470899471,0.20695841195841194,0.1956796308553274,0.1934712903069869,0.193025378789811
rnn,dxtx,14,7,0.38400946228973387,0.3324888888888889,0.20747724867724868,0.1711162319162319,0.16274163037971087,0.1612626329520178,0.16100281380989978
rnn,dx,14,7,0.37643379129303123,0.3620888888888889,0.22490370370370374,0.18432044252044252,0.17483251109056067,0.17301197027871545,0.17257076462187762
brnn,dxtx,14,7,0.38498585679494723,0.31388888888888894,0.18925925925925927,0.15585608465608464,0.14832347371697216,0.14683924760491998,0.14651861174865194
brnn,dx,14,7,0.41443912548653455,0.3600444444444444,0.22479523809523813,0.18440320790320788,0.17493476965071394,0.17297087354681784,0.17254775947910606
retain,dxtx,14,7,0.3573895215529014,0.4100444444444444,0.2679079365079365,0.22283956043956044,0.21079418720254633,0.2085518382471539,0.20798103598853557
retain,dx,14,7,0.3341633761657884,0.42664444444444444,0.2712587301587302,0.22405473415473418,0.2124940243737457,0.21013424647048962,0.20962041790654606
deepr,dxtx,14,7,0.36927313879927504,0.46215555555555554,0.30625820105820106,0.25403475043475043,0.24013486405808387,0.2375081108113306,0.23689908120322056
deepr,dx,14,7,0.40007622735086856,0.4402444444444444,0.28515608465608466,0.2382781625781626,0.2257175961293608,0.22327397482313086,0.2227020071398988
bitenet,dxtx,14,8,0.36893473245789005,0.3220222222222222,0.2094920634920635,0.16922200022200024,0.15961782065543675,0.15756939352700963,0.15714143269261202
bitenet,dx,14,8,0.3642205801985696,0.39677777777777784,0.26008624338624337,0.21230631220631221,0.2008974313440258,0.19843350512531693,0.19787937229348299
rnn,dxtx,14,8,0.38935961251546897,0.3152666666666667,0.19006190476190477,0.155286790986791,0.14748512260013807,0.14584607623587434,0.14547129248407908
rnn,dx,14,8,0.36340528633025826,0.3110222222222222,0.18548253968253967,0.14995069375069375,0.14200307879828003,0.14023940855547937,0.1398299672687967
brnn,dxtx,14,8,0.4022164367697528,0.33917777777777774,0.2080121693121693,0.16936592666592665,0.1599337973229614,0.15784439522747234,0.15736664972903722
brnn,dx,14,8,0.37591860349264156,0.3221333333333334,0.20475978835978836,0.1675139009139009,0.1587686710090735,0.15688254515425198,0.15642644215975818
retain,dxtx,14,8,0.37634051615983855,0.4083555555555555,0.26508677248677254,0.21939983719983722,0.20794433324386888,0.2052390706803454,0.20457888158889198
retain,dx,14,8,0.34480550455837894,0.4140888888888889,0.27395291005291006,0.22553836903836902,0.21349148221346362,0.2107445256917245,0.21014158443544992
deepr,dxtx,14,8,0.37972266599408294,0.43211111111111117,0.2873275132275132,0.2403016317016317,0.22907091407044972,0.22710982105718278,0.22655828498150876
deepr,dx,14,8,0.3369355589547911,0.4465777777777778,0.29405185185185184,0.2436168202168202,0.23116033259253072,0.22840234777541543,0.2278177176077968
bitenet,dxtx,14,9,0.42744135601331795,0.3556222222222223,0.23731005291005292,0.19604733784733783,0.18620737110040514,0.18395520095171325,0.18346613822219077
bitenet,dx,14,9,0.4201806578498151,0.3424888888888889,0.2230989417989418,0.18265986975986975,0.17305872883566378,0.17087305721260093,0.17040507167748892
rnn,dxtx,14,9,0.372810188497693,0.2973555555555556,0.18884550264550262,0.15528293188293188,0.14725141026843813,0.14546660570102488,0.14503563867741417
rnn,dx,14,9,0.4129214326471744,0.30726666666666663,0.19727671957671958,0.16448073778073777,0.15728533587728635,0.1558074978698831,0.15550762165414483
brnn,dxtx,14,9,0.40116239275994847,0.29373333333333335,0.18902486772486773,0.15624580234580235,0.1489139998002227,0.14741096196848924,0.14706631664361403
brnn,dx,14,9,0.39894717315257266,0.2924888888888889,0.1818153439153439,0.15068420838420837,0.14335891311990384,0.14185502328992705,0.1415411082734833
retain,dxtx,14,9,0.39934759947395526,0.38331111111111116,0.2534,0.21145565545565545,0.20084739378841546,0.19858111986909807,0.19807527057152463
retain,dx,14,9,0.3679183721598651,0.3903111111111111,0.26185343915343917,0.21963945313945313,0.20868718849090365,0.20651855766922933,0.20605134758684684
deepr,dxtx,14,9,0.38328834694943936,0.4398444444444444,0.29637089947089945,0.25047801457801455,0.23860798247160475,0.23594002839669415,0.23533598440322487
deepr,dx,14,9,0.4046606868372693,0.43071111111111116,0.2935513227513228,0.24689797609797612,0.2350963937106352,0.23238607478640325,0.231811801516038
bitenet,dxtx,14,10,0.342767026561503,0.3546222222222223,0.23408465608465606,0.19053098753098752,0.17984775166354114,0.17800334486261257,0.1774899625956671
bitenet,dx,14,10,0.3387957611260183,0.3548666666666667,0.22281957671957672,0.1810858881858882,0.17081417049296305,0.16892625657113608,0.16843876495674795
rnn,dxtx,14,10,0.33638444025362846,0.31288888888888894,0.18958941798941797,0.15473322973322973,0.14618710543555744,0.14480125312361816,0.14445543432768443
rnn,dx,14,10,0.3560475907630496,0.31971111111111117,0.19638042328042327,0.16062728752728753,0.151634769467432,0.15018350652747342,0.14979335949272868
brnn,dxtx,14,10,0.33779291884290574,0.3172222222222222,0.19496349206349206,0.15846261516261517,0.1497125750296029,0.14901837715018762,0.14869815596651817
brnn,dx,14,10,0.3380577347493427,0.2938,0.17500370370370372,0.14033175343175341,0.13163310075430817,0.1302411476832247,0.13035803408332947
retain,dxtx,14,10,0.3052716135819516,0.40175555555555564,0.2543185185185185,0.2099013357013357,0.19838972006092748,0.1963314228026302,0.1957553439474709
retain,dx,14,10,0.3102904723827901,0.4109777777777778,0.2705878306878307,0.22287789617789613,0.21055692381234173,0.20825565648063965,0.20777085649560978
deepr,dxtx,14,10,0.3284352601165497,0.4353555555555556,0.2971412698412698,0.2470996447996448,0.23319790761354228,0.23042168616400277,0.22972328147263982
deepr,dx,14,10,0.28830201163658586,0.43368888888888885,0.29624497354497353,0.2471371332371332,0.23507818029923291,0.23265535076162075,0.23197256631745702
bitenet,dxtx,16,1,0.3628798369870617,0.3221777777777778,0.2037857142857143,0.16077607947607947,0.14944830743158916,0.14716369861045858,0.1467869928811092
bitenet,dx,16,1,0.3622300413137113,0.3289333333333333,0.21012857142857141,0.16674144744144742,0.1553620471433165,0.15319209670727907,0.15283367343621215
rnn,dxtx,16,1,0.36244973373566847,0.33537777777777783,0.21094126984126987,0.16907839937839936,0.15830897500046107,0.15626958984455416,0.15589652092114042
rnn,dx,16,1,0.3520439058067325,0.3432888888888889,0.20946402116402116,0.1665119066119066,0.15520546239679364,0.15294540718630367,0.1525036659730682
brnn,dxtx,16,1,0.39199345712193423,0.32324444444444445,0.1995275132275132,0.15887065897065894,0.14798855256084356,0.14580797536026638,0.14536801184995804
brnn,dx,16,1,0.3857657813097058,0.331,0.20395343915343914,0.16084501424501424,0.14946172677798064,0.14709889222123304,0.14663902910435841
retain,dxtx,16,1,0.35974949991297844,0.40993333333333337,0.26906507936507934,0.21828704258704257,0.20445464377956638,0.20157805177253954,0.2009888538440313
retain,dx,16,1,0.3287639673715083,0.4200222222222222,0.27568359788359786,0.2230139786139786,0.2079276353047251,0.20473264440190808,0.20407962282153017
deepr,dxtx,16,1,0.3369650822855619,0.4502888888888889,0.3017544973544974,0.2468101084101084,0.23179865267171768,0.2283180541398148,0.22751439544006416
deepr,dx,16,1,0.3642997021013705,0.43002222222222225,0.2815269841269841,0.2287997335997336,0.21337688644917746,0.20999287114081433,0.20921344889426563
bitenet,dxtx,16,2,0.34793906338972375,0.3664444444444445,0.2334952380952381,0.18816880896880897,0.17558309058788935,0.1719494761829706,0.1712590530428923
bitenet,dx,16,2,0.3492556377550519,0.35613333333333336,0.2278767195767196,0.1825062012062012,0.16991374047922037,0.16618972768042495,0.165426786611277
rnn,dxtx,16,2,0.3767437075489454,0.32662222222222226,0.2067634920634921,0.16682301032301033,0.15625175129308255,0.15323065210241815,0.15267179020654476
rnn,dx,16,2,0.36821294493404066,0.3274444444444445,0.20323439153439155,0.1646932215932216,0.15458759150492896,0.15170859909637133,0.15111711784879814
brnn,dxtx,16,2,0.3846254684776354,0.3247777777777778,0.2000904761904762,0.1605134532134532,0.14982709270433728,0.14685430771155228,0.14627671331786596
brnn,dx,16,2,0.3675464526455804,0.3520888888888889,0.22168253968253968,0.18038168498168497,0.16986873348529694,0.16672087728352772,0.1661274542229782
retain,dxtx,16,2,0.34643492627448363,0.4184,0.27355767195767194,0.22471438191438192,0.21088746085355994,0.20703387907302162,0.2064814516361858
retain,dx,16,2,0.3635900230261063,0.4290666666666667,0.2866835978835979,0.23382323602323601,0.21843643978427257,0.21402177763482783,0.21319534001114887
deepr,dxtx,16,2,0.43308958429214284,0.4429777777777778,0.2941391534391534,0.24136028786028788,0.22612703479297905,0.22157739679812366,0.2206814940291175
deepr,dx,16,2,0.38315954878356406,0.4411777777777778,0.296384126984127,0.24190584970584975,0.22628064044085716,0.2215720677575019,0.2206169433416878
bitenet,dxtx,16,3,0.3654458678971763,0.32580000000000003,0.21301216931216932,0.1708561697561697,0.160379779433959,0.1579935331198866,0.15738856359813547
bitenet,dx,16,3,0.4136881821506525,0.37466666666666665,0.23295767195767197,0.18782367262367264,0.1764714997077226,0.17391574087718117,0.17331383648952964
rnn,dxtx,16,3,0.38718915050865055,0.31935555555555556,0.1923074074074074,0.15443290413290411,0.14508020375450717,0.14303403021789884,0.14250699631523275
rnn,dx,16,3,0.35423021116776965,0.34204444444444443,0.21244074074074076,0.1721212824212824,0.16226228115995917,0.16006481205901182,0.15951257481987802
brnn,dxtx,16,3,0.3728191718960604,0.30560000000000004,0.18955925925925926,0.15401824471824468,0.14546062517920103,0.1435257509712833,0.1430285777996274
brnn,dx,16,3,0.3746904696668687,0.3302888888888889,0.20485185185185184,0.16623493543493542,0.15701170415411903,0.15507215713109374,0.154593586965627
retain,dxtx,16,3,0.33774908610831633,0.43091111111111113,0.2867365079365079,0.23461759351759354,0.22056270875667158,0.21720111518116497,0.21638307318059424
retain,dx,16,3,0.34327658617861073,0.4257111111111111,0.2827074074074074,0.23136888666888664,0.21801283805060895,0.21476546619541098,0.21392884420522576
deepr,dxtx,16,3,0.3495979807743293,0.4328444444444444,0.28872539682539683,0.23813425463425464,0.22502422535038635,0.22208848048333713,0.2213051452319559
deepr,dx,16,3,0.35637570654669076,0.4484888888888889,0.29962328042328046,0.24674908794908795,0.23209532117922207,0.22860576976445326,0.22773091368821788
bitenet,dxtx,16,4,0.42160335567725166,0.3074,0.1954857142857143,0.15699413919413918,0.14694228160899986,0.14465936172694954,0.1441749736076189
bitenet,dx,16,4,0.40465124643021605,0.3724222222222222,0.22927777777777775,0.18577448107448105,0.17441303169940944,0.17184031070060146,0.17131531030295738
rnn,dxtx,16,4,0.402749425401389,0.31202222222222226,0.1896835978835979,0.15162434602434602,0.14202239670660724,0.13987880551518997,0.1394350206920948
rnn,dx,16,4,0.4025298476052169,0.32164444444444446,0.19665185185185183,0.1572813334813335,0.14751325642594992,0.14529710861241082,0.14480812279193073
brnn,dxtx,16,4,0.4386784416992014,0.3013555555555556,0.1901698412698413,0.15384416694416694,0.1445116018713542,0.14239956723931957,0.14192097929682357
brnn,dx,16,4,0.39756283147247184,0.34882222222222226,0.2160063492063492,0.17672181152181152,0.1673737436396879,0.1652525716715594,0.16479316570502703
retain,dxtx,16,4,0.39393552977279944,0.42017777777777776,0.27442751322751324,0.2244867650867651,0.21128472403642684,0.20822797643620095,0.20756343590223514
retain,dx,16,4,0.40657441392332394,0.4176000000000001,0.28127936507936513,0.2319643245643246,0.2182340241400613,0.21489813395346172,0.2141136334645934
deepr,dxtx,16,4,0.41960919378078143,0.42688888888888893,0.28094708994708995,0.23106927886927886,0.21775085208335979,0.21466450789614608,0.2140134612501569
deepr,dx,16,4,0.38138139026686324,0.4418888888888889,0.2908825396825397,0.23895184815184814,0.22484379861624443,0.2214084789600552,0.2206909031854679
bitenet,dxtx,16,5,0.36857940875070133,0.37164444444444444,0.2390740740740741,0.19090872830872832,0.17843987152624924,0.17546979435704163,0.17480882064365413
bitenet,dx,16,5,0.33925596181876233,0.3383333333333333,0.21749682539682536,0.17392384282384282,0.16240112180561098,0.15968572058847064,0.15909512089442265
rnn,dxtx,16,5,0.4145033439787035,0.32524444444444445,0.2007116402116402,0.16016048026048027,0.14956265317643025,0.14707715722310824,0.14648457361259357
rnn,dx,16,5,0.37397904312754704,0.31333333333333335,0.18577407407407406,0.15043856513856513,0.14128464930322518,0.1392024760175736,0.13868409447574379
brnn,dxtx,16,5,0.37160832539450284,0.33344444444444443,0.2016100529100529,0.1638173123173123,0.15381869977287935,0.15143724673316541,0.15086197738778112
brnn,dx,16,5,0.4382770518965875,0.3476222222222223,0.21455079365079366,0.17398014208014206,0.1634646622039811,0.16118534451115957,0.1606196446341953
retain,dxtx,16,5,0.34956480196396694,0.41833333333333333,0.27523968253968256,0.22291157361157357,0.20802751788401944,0.20441726755463863,0.20349769570035414
retain,dx,16,5,0.3416654134362356,0.4136222222222223,0.27128730158730163,0.2198078699078699,0.20560444713525206,0.20222490638614612,0.20139028178554452
deepr,dxtx,16,5,0.3812061758503492,0.4108666666666667,0.26813227513227517,0.21860380360380358,0.20552790061102755,0.20236132930793452,0.20176436928601166
deepr,dx,16,5,0.3893504934280625,0.42795555555555553,0.28282751322751326,0.23117525437525435,0.21629551581316286,0.2128861011698352,0.2120660698261257
bitenet,dxtx,16,6,0.412970022866502,0.3321555555555556,0.20623862433862436,0.1690010397010397,0.16004911331645075,0.15772401136526187,0.15710306272684196
bitenet,dx,16,6,0.3514507584466797,0.33971111111111113,0.22053121693121694,0.18033374773374772,0.1705403467476223,0.16796079470546155,0.16724432484922158
rnn,dxtx,16,6,0.39999094443005395,0.3016666666666667,0.1847857142857143,0.14967611277611276,0.14235348922376787,0.14050123625934097,0.1399736318075986
rnn,dx,16,6,0.40174738042289204,0.31802222222222226,0.19777777777777775,0.16078315018315018,0.1519168848466062,0.14974387022837418,0.14914905962390843
brnn,dxtx,16,6,0.41854594269366613,0.30588888888888893,0.1912407407407407,0.15624189514189513,0.14797001118363345,0.14586353900846563,0.14532818526897395
brnn,dx,16,6,0.40640378925554493,0.32980000000000004,0.2020116402116402,0.16612474932474933,0.15747734650397188,0.1553110939159802,0.15477690017443013
retain,dxtx,16,6,0.33258486546960486,0.40120000000000006,0.2660047619047619,0.21967868797868798,0.20779272306640728,0.2045524231730639,0.20365739933781019
retain,dx,16,6,0.36119124338906994,0.40060000000000007,0.2663846560846561,0.21938412328412332,0.20718241476445812,0.20386009717866227,0.20291666106603073
deepr,dxtx,16,6,0.35848284021041926,0.4250222222222222,0.28233597883597883,0.23537431827431823,0.22370305924439052,0.22059425442602046,0.21976054300334355
deepr,dx,16,6,0.37075119525929645,0.4327777777777778,0.28461375661375665,0.23603879823879825,0.2235944111272285,0.22033566967544352,0.21943125358068263
bitenet,dxtx,16,7,0.3877003458916508,0.3251555555555556,0.21004285714285717,0.17038777888777887,0.1605231131384382,0.1585478072848715,0.15822556681780342
bitenet,dx,16,7,0.3556537424657702,0.3184666666666667,0.20628730158730157,0.16967420357420354,0.16073179444680993,0.15896168339843803,0.15868694259220295
rnn,dxtx,16,7,0.35518752298516776,0.28086666666666665,0.17284126984126988,0.14188154068154066,0.13386586014031834,0.13245812690736772,0.13215487661147374
rnn,dx,16,7,0.35365799257003827,0.3116888888888889,0.1885010582010582,0.1559963406963407,0.14822389733303046,0.1466466026470401,0.146443517864645
brnn,dxtx,16,7,0.34286157060250044,0.31144444444444447,0.19226560846560847,0.15774570614570615,0.14900230515958068,0.14719074734541418,0.14686615488381025
brnn,dx,16,7,0.3391027800615257,0.33995555555555557,0.214615873015873,0.17675924075924077,0.16752297771601177,0.16569023413109427,0.16537446132152836
retain,dxtx,16,7,0.3606651155055643,0.3939333333333333,0.2602148148148148,0.2147085877085877,0.20273938119557314,0.20021946526609197,0.1997891009773369
retain,dx,16,7,0.34238884695313165,0.3979333333333333,0.26311111111111113,0.2185188145188145,0.20656178550837997,0.20398547708250628,0.20353235014983911
deepr,dxtx,16,7,0.35450578269387667,0.42966666666666664,0.2847058201058201,0.23646073926073924,0.22391161777678803,0.22124987671591656,0.22071627448162467
deepr,dx,16,7,0.2986654898552617,0.43713333333333326,0.2954978835978836,0.2499384282384282,0.2372115333869204,0.23436024409650066,0.23386035684029158
bitenet,dxtx,16,8,0.3214175528765243,0.32924444444444445,0.21218571428571428,0.16924780774780773,0.15907539059381165,0.1573075406659617,0.15692535586906425
bitenet,dx,16,8,0.3559574838084685,0.3328888888888889,0.20576719576719574,0.1652987974987975,0.15572495848950957,0.1539124997405291,0.15348557016095582
rnn,dxtx,16,8,0.37091655036384863,0.3279111111111111,0.20104656084656086,0.1612430532430532,0.1518282957611131,0.1502948846311802,0.14997063947659023
rnn,dx,16,8,0.3475056135938585,0.30662222222222224,0.1845989417989418,0.1486035816035816,0.1403596646215841,0.1389336592260135,0.13858388157922438
brnn,dxtx,16,8,0.3654631246272352,0.3354888888888889,0.2041830687830688,0.16445226625226625,0.15534167113702718,0.1538614578237704,0.15350689703334752
brnn,dx,16,8,0.3714187814252135,0.3414666666666667,0.21215873015873016,0.1718160728160728,0.16239796136096446,0.16080581128881438,0.16040335469049571
retain,dxtx,16,8,0.30362212140527955,0.4206222222222223,0.2778132275132275,0.22654926924926924,0.2142603334516647,0.2120710424045476,0.21150778434289874
retain,dx,16,8,0.2884652097240781,0.4160444444444445,0.27698994708994706,0.22458459688459687,0.2116201260670301,0.20895553983200907,0.208229531383242
deepr,dxtx,16,8,0.34230463890983753,0.4262,0.28712857142857146,0.23355113775113773,0.2199961153913166,0.21741878682616197,0.21677734351851177
deepr,dx,16,8,0.28208056317660063,0.43984444444444454,0.2922343915343915,0.2398108632108632,0.22644636946014657,0.2238880307939818,0.2232607814150083
bitenet,dxtx,16,9,0.34908486848269604,0.331,0.21226560846560846,0.1725161579161579,0.16266736190652598,0.16044056850668914,0.15994432778700013
bitenet,dx,16,9,0.32862804932826917,0.33693333333333336,0.21283703703703705,0.1728743996743997,0.16305408090361653,0.16081816773465987,0.16036379603569045
rnn,dxtx,16,9,0.3669998348021287,0.3254888888888889,0.19696402116402115,0.1598328634328634,0.15092468672251955,0.14890125614343677,0.14850064648489608
rnn,dx,16,9,0.38364278958888504,0.31146666666666667,0.18543915343915346,0.1521060865060865,0.1442924871482147,0.14267993429044445,0.14240168841541698
brnn,dxtx,16,9,0.4035907357208961,0.3024222222222222,0.18402698412698412,0.14736335886335886,0.1383252153018407,0.13630596942694265,0.13587182518038463
brnn,dx,16,9,0.3747757274978001,0.34824444444444447,0.21057142857142855,0.17104331224331223,0.1611777865008515,0.158942947426882,0.15848012415394377
retain,dxtx,16,9,0.41049961000899093,0.4204888888888889,0.2746693121693122,0.2259124986124986,0.21294329209948407,0.21008105481985542,0.20945978170386972
retain,dx,16,9,0.33236792373096574,0.40717777777777786,0.2729190476190476,0.22182434232434228,0.20864531468989675,0.2058528496669969,0.20527217760172717
deepr,dxtx,16,9,0.3772420276006922,0.4521111111111112,0.3072031746031746,0.2555005661005661,0.2414862641944685,0.23847989172635692,0.2378206798101335
deepr,dx,16,9,0.37378445143822114,0.42560000000000003,0.2837248677248677,0.23432360232360233,0.22093219078822793,0.21811107277580558,0.21748067199735882
bitenet,dxtx,16,10,0.34999029110833335,0.2932888888888889,0.18714074074074075,0.1486987826987827,0.13858972410458478,0.13619151970029342,0.13566817219211832
bitenet,dx,16,10,0.34093502538596177,0.3420888888888889,0.21674656084656085,0.17362477152477152,0.1621674157169513,0.15933673123235378,0.15870514238697184
rnn,dxtx,16,10,0.3699360171280108,0.30473333333333336,0.18043756613756615,0.14607269767269765,0.1369947822960207,0.13493325020492336,0.13453459994926165
rnn,dx,16,10,0.35356113363575226,0.3135333333333334,0.1949285714285714,0.15814948384948385,0.14849174391140335,0.1461949624320132,0.14566669611340202
brnn,dxtx,16,10,0.35112200382776526,0.3579555555555556,0.22462063492063492,0.18070919080919082,0.1692399212300141,0.1665975572172153,0.16603222036590146
brnn,dx,16,10,0.34598777093541744,0.3063777777777778,0.1829994708994709,0.1477168868168868,0.1386697075943206,0.1367071164656425,0.13624578683741634
retain,dxtx,16,10,0.3223646007942531,0.41159999999999997,0.2706502645502646,0.21966859436859434,0.20514712894031778,0.2017081440604634,0.20107836417666045
retain,dx,16,10,0.3368835627875345,0.4003555555555555,0.26332222222222224,0.21617794427794426,0.2024793286463565,0.19902545324639415,0.19820784799936358
deepr,dxtx,16,10,0.3435744255298138,0.4156222222222223,0.27062380952380954,0.22206361416361414,0.2083486732164751,0.2049211068697783,0.20419403161212832
deepr,dx,16,10,0.32486340967324273,0.4187555555555556,0.2688915343915344,0.22060448810448813,0.20709811164640882,0.2037211172500094,0.2029524497319166
