model_name,feature_set,seq_len,trial,pr_auc,roc_auc,f1,precision@5,precision@10,precision@15,precision@20,precision@25,precision@30
bitenet,dxtx,6,0,0.38786161527124846,0.6361236107346163,0.28806584362139914,0.0,0.0,0.0,0.0,0.0,0.0
bitenet,dx,6,0,0.3715591327690847,0.5913743561940905,0.2328042328042328,1.0,1.0,1.0,1.0,1.0,1.0
rnn,dxtx,6,0,0.39482830255865076,0.604022770398482,0.27083333333333337,0.0,0.0,0.0,0.0,0.0,0.0
rnn,dx,6,0,0.4048625672830999,0.5994795337489834,0.30357142857142855,0.0,0.0,0.0,0.0,0.0,0.0
brnn,dxtx,6,0,0.39363955096959846,0.6058660883708322,0.21978021978021978,0.0,0.0,0.0,0.0,0.0,0.0
brnn,dx,6,0,0.4136410925934611,0.5964760097587423,0.3285024154589372,0.0,0.0,0.0,0.0,0.0,0.0
retain,dxtx,6,0,0.33476939503578107,0.5612577934399566,0.26459143968871596,1.0,1.0,1.0,1.0,1.0,1.0
retain,dx,6,0,0.37628667365395657,0.585004066142586,0.2990654205607477,1.0,1.0,1.0,1.0,1.0,1.0
deepr,dxtx,6,0,0.3707594747131979,0.5942965573326104,0.2941176470588235,1.0,1.0,1.0,1.0,1.0,1.0
deepr,dx,6,0,0.36643501179034177,0.5716237462727026,0.2513089005235602,1.0,1.0,1.0,1.0,1.0,1.0
bitenet,dxtx,6,1,0.4070702515514998,0.6230436021658592,0.32863849765258213,1.0,1.0,1.0,1.0,1.0,1.0
bitenet,dx,6,1,0.41539420325572457,0.6805642633228841,0.23030303030303031,1.0,1.0,1.0,1.0,1.0,1.0
rnn,dxtx,6,1,0.3725853475063967,0.5774750641208322,0.28181818181818186,1.0,1.0,1.0,1.0,1.0,1.0
rnn,dx,6,1,0.38470243910367896,0.5817269877457966,0.3142857142857143,1.0,1.0,1.0,1.0,1.0,1.0
brnn,dxtx,6,1,0.3595588080066417,0.5801652892561984,0.2658959537572254,1.0,1.0,1.0,1.0,1.0,1.0
brnn,dx,6,1,0.38404206960827186,0.6340951838130522,0.24719101123595508,1.0,1.0,1.0,1.0,1.0,1.0
retain,dxtx,6,1,0.35250591516587704,0.60564263322884,0.3181818181818182,1.0,1.0,1.0,1.0,1.0,1.0
retain,dx,6,1,0.35696986710031026,0.5982901111427757,0.27230046948356806,0.9888551165146909,0.9787735849056604,0.967741935483871,0.9538983050847457,0.938985228002569,0.9282622139764997
deepr,dxtx,6,1,0.3891507514009097,0.6202450840695355,0.3103448275862069,0.7647058823529411,0.6404639175257731,0.5574977000919963,0.49927431059506533,0.4647630619684083,0.4427083333333333
deepr,dx,6,1,0.34421181503621534,0.6020974636648617,0.22093023255813954,0.900562851782364,0.8282208588957055,0.7704636519748139,0.7195,0.6819201435621355,0.6481481481481481
bitenet,dxtx,6,2,0.3788300145059825,0.5771522036768011,0.3263598326359832,0.6043324491600354,0.5843333333333334,0.5854808296668762,0.5846059865607819,0.58611442193087,0.5875292740046838
bitenet,dx,6,2,0.3778519149322151,0.5855028689081427,0.3111111111111111,0.6358087487283826,0.7209213051823417,0.7398543184183143,0.7497497497497497,0.7606128311522502,0.7667910447761194
rnn,dxtx,6,2,0.4106920245805377,0.6021467166940144,0.3234042553191489,0.5205799812909261,0.5928217821782178,0.5990783410138248,0.6005011135857461,0.5988546495773112,0.5998381003777657
rnn,dx,6,2,0.45240965463680627,0.6203634995453644,0.3404255319148936,0.5423100679431748,0.6354319180087847,0.6509345794392524,0.65639374425023,0.6607629427792916,0.6626071267478575
brnn,dxtx,6,2,0.4028988840231734,0.6247530857746053,0.25365853658536586,0.508283631544069,0.6088096486628212,0.6321499013806706,0.6458036984352774,0.6546463245492372,0.6593707250341997
brnn,dx,6,2,0.4211277078671334,0.6297488529593128,0.28837209302325584,0.5459558823529411,0.6208819057273188,0.6435030937648739,0.6514657980456026,0.6565795506648326,0.6587807097361238
retain,dxtx,6,2,0.3790143499995091,0.6098389439909699,0.25862068965517243,1.0,1.0,1.0,1.0,1.0,1.0
retain,dx,6,2,0.4143454964646302,0.612639918061057,0.3292181069958848,1.0,1.0,1.0,1.0,1.0,1.0
deepr,dxtx,6,2,0.4197793908603593,0.6157335312130936,0.3203463203463203,0.5320959010054138,0.6197183098591549,0.6727989487516426,0.702034303948943,0.7178423236514523,0.7289178429243576
deepr,dx,6,2,0.3902897174063904,0.5900335489804662,0.28837209302325584,1.0,1.0,1.0,1.0,1.0,1.0
bitenet,dxtx,6,3,0.3095447237775537,0.6173587046331808,0.26785714285714285,1.0,1.0,1.0,1.0,1.0,1.0
bitenet,dx,6,3,0.26907185263726424,0.5821689748301249,0.15950920245398773,0.0,0.0,0.0,0.0,0.0,0.0
rnn,dxtx,6,3,0.3089217387900291,0.5663653516506554,0.2165605095541401,1.0,1.0,1.0,1.0,1.0,1.0
rnn,dx,6,3,0.30282889749541425,0.5471642269605002,0.20765027322404372,0.0,0.0,0.0,0.0,0.0,0.0
brnn,dxtx,6,3,0.2993097354959298,0.5963200927376093,0.25136612021857924,0.0,0.0,0.0,0.0,0.0,0.0
brnn,dx,6,3,0.2735960996813282,0.534893758709566,0.21390374331550804,0.4086081609837898,0.3104738154613466,0.28987194412107103,0.2807215332581736,0.27232956616842874,0.26697641172265907
retain,dxtx,6,3,0.2944100639839011,0.5801033432401436,0.2761904761904762,0.0,0.0,0.0,0.0,0.0,0.0
retain,dx,6,3,0.26427077117104925,0.5635412941336063,0.21052631578947367,0.0,0.0,0.0,0.0,0.0,0.0
deepr,dxtx,6,3,0.280908236821287,0.5948032408834737,0.2072538860103627,0.7926940639269406,0.7074159907300116,0.634321223709369,0.5840670859538785,0.5438663121914167,0.5130373502466525
deepr,dx,6,3,0.2776837140137652,0.5683508244028167,0.23318385650224213,1.0,1.0,1.0,1.0,1.0,1.0
bitenet,dxtx,6,4,0.3665503016179841,0.6138628354567633,0.21390374331550802,0.34900542495479203,0.4222222222222222,0.44711177794448614,0.4571220930232558,0.4658119658119658,0.47331460674157305
bitenet,dx,6,4,0.3632464055774532,0.5861805367308213,0.27906976744186046,0.3516187050359712,0.4144996059889677,0.4331065759637188,0.447310243183493,0.45770065075921906,0.4665718349928876
rnn,dxtx,6,4,0.38712380789030815,0.598536188669016,0.28846153846153844,0.3471001757469244,0.4489644970414201,0.49147920927062033,0.4986559139784946,0.4989926124916051,0.4986577181208054
rnn,dx,6,4,0.36646383190399284,0.5947736513960422,0.22459893048128346,1.0,1.0,1.0,1.0,1.0,1.0
brnn,dxtx,6,4,0.37913895645051626,0.5994470046082949,0.2857142857142857,1.0,1.0,1.0,1.0,1.0,1.0
brnn,dx,6,4,0.39310018562774907,0.6113201409596096,0.26168224299065423,0.3611111111111111,0.42967542503863987,0.4566813509544787,0.4770965468639887,0.48581314878892734,0.4924965893587995
retain,dxtx,6,4,0.33769222292470613,0.5675901328273245,0.2857142857142857,0.3583260680034874,0.3772893772893773,0.39860515021459225,0.41759844433641224,0.42740471869328495,0.4378494623655914
retain,dx,6,4,0.3611415967518846,0.5839522905936568,0.2702702702702703,1.0,1.0,1.0,1.0,1.0,1.0
deepr,dxtx,6,4,0.3667425032374316,0.6037300081322852,0.26086956521739135,0.3910891089108911,0.43654434250764523,0.4720452937013447,0.4983255190890824,0.5220165922144224,0.5460048426150121
deepr,dx,6,4,0.37799469889720927,0.5958254269449715,0.25906735751295334,1.0,1.0,1.0,1.0,1.0,1.0
bitenet,dxtx,8,0,0.36050287311290174,0.6032366494985091,0.19428571428571428,0.07006726457399103,0.18596208148446955,0.19763271162123386,0.2089145968016332,0.21247947454844007,0.21954314720812182
bitenet,dx,8,0,0.329638484937861,0.5863323393873678,0.20304568527918782,0.1678082191780822,0.29380396140172677,0.3082706766917293,0.3187934027777778,0.3250734985300294,0.3304703476482618
rnn,dxtx,8,0,0.3498595688186861,0.5566820276497696,0.2677824267782427,0.3227744401966139,0.41663076260232657,0.44768572539867757,0.4665194996320824,0.4742857142857143,0.4794231445655997
rnn,dx,8,0,0.3660106480309152,0.5949905123339658,0.2568807339449541,0.3727810650887574,0.4498525073746313,0.48411602209944754,0.4935593220338983,0.49663072776280326,0.4983210208193418
brnn,dxtx,8,0,0.3716917657101091,0.5948712388181079,0.2672811059907834,0.34965034965034963,0.4236111111111111,0.4656652360515021,0.48482758620689653,0.49045020463847205,0.4942528735632184
brnn,dx,8,0,0.3831627827223436,0.6128381675250745,0.26363636363636367,0.3339317773788151,0.4322678843226788,0.4772249474421864,0.4952638700947226,0.4976462676529926,0.4996651038178165
retain,dxtx,8,0,0.30736532643027065,0.553179723502304,0.25751072961373395,0.4916467780429594,0.5766381766381766,0.6312931885488647,0.6639712488769093,0.6841216216216216,0.6988339364696421
retain,dx,8,0,0.3171444952949343,0.5433884521550556,0.23728813559322032,1.0,1.0,1.0,1.0,1.0,1.0
deepr,dxtx,8,0,0.3381380331485692,0.5956627812415288,0.20725388601036268,0.5135135135135135,0.596958174904943,0.6510976179355441,0.6854499579478553,0.7115902964959568,0.7301873198847262
deepr,dx,8,0,0.3301744363527732,0.5741935483870968,0.2766798418972332,0.44061650045330913,0.4930264993026499,0.539179104477612,0.5699421965317919,0.5904605263157895,0.601383714741884
bitenet,dxtx,8,1,0.3724338069177541,0.6106355342824414,0.1928934010152284,0.0,0.0,0.0,0.0,0.0,0.0
bitenet,dx,8,1,0.3513051061697171,0.5397285632466045,0.26229508196721313,0.0,0.0,0.0,0.0,0.0,0.0
rnn,dxtx,8,1,0.37764764020521885,0.604381443298969,0.27642276422764234,0.0,0.0,0.0,0.0,0.0,0.0
rnn,dx,8,1,0.41420482148242593,0.622545409916544,0.3189655172413793,0.0,0.0,0.0,0.0,0.0,0.0
brnn,dxtx,8,1,0.39023139740187673,0.5983574701358207,0.26200873362445415,0.0,0.0,0.0,0.0,0.0,0.0
brnn,dx,8,1,0.3742001347316877,0.5945528555064638,0.22317596566523604,0.0,0.0,0.0,0.0,0.0,0.0
retain,dxtx,8,1,0.3474174571708494,0.5979176894125348,0.22222222222222224,0.0,0.0,0.0,0.0,0.0,0.0
retain,dx,8,1,0.3327106622395493,0.5602499590901653,0.26515151515151514,0.0,0.0,0.0,0.0,0.0,0.0
deepr,dxtx,8,1,0.33465419804110313,0.5786900670921289,0.20491803278688522,0.0,0.0,0.0,0.0,0.0,0.0
deepr,dx,8,1,0.41364943556220574,0.6131259204712813,0.3063063063063063,0.0,0.0,0.0,0.0,0.0,0.0
bitenet,dxtx,8,2,0.3320146474132142,0.583587903760538,0.22702702702702704,0.0,0.0,0.0,0.0,0.0,0.0
bitenet,dx,8,2,0.3439983451440515,0.606511082693947,0.28125,0.0,0.0,0.0,0.0,0.0,0.0
rnn,dxtx,8,2,0.38613378735688897,0.633442265795207,0.271356783919598,0.0,0.0,0.0,0.0,0.0,0.0
rnn,dx,8,2,0.36659093302872886,0.6080917874396135,0.28019323671497587,0.0,0.0,0.0,0.0,0.0,0.0
brnn,dxtx,8,2,0.3616313851618707,0.5872880553187458,0.27586206896551724,0.0,0.0,0.0,0.0,0.0,0.0
brnn,dx,8,2,0.3441248048290008,0.5618428530832624,0.26136363636363635,0.0,0.0,0.0,0.0,0.0,0.0
retain,dxtx,8,2,0.3501120547711016,0.605830254807237,0.25961538461538464,0.0,0.0,0.0,0.0,0.0,0.0
retain,dx,8,2,0.3156131620280876,0.5380197972908971,0.2647058823529412,0.5103896103896104,0.49155405405405406,0.49165402124430957,0.4934971098265896,0.4919298245614035,0.4931129476584022
deepr,dxtx,8,2,0.3505680363858814,0.6061736288718387,0.29411764705882354,0.0,0.0,0.0,0.0,0.0,0.0
deepr,dx,8,2,0.3664607165638274,0.5925807521076063,0.30097087378640774,0.0,0.0,0.0,0.0,0.0,0.0
bitenet,dxtx,8,3,0.4044498825705102,0.5808146971447433,0.2857142857142857,1.0,1.0,1.0,1.0,1.0,1.0
bitenet,dx,8,3,0.37164137420974347,0.5610816553886779,0.22110552763819097,1.0,1.0,1.0,1.0,1.0,1.0
rnn,dxtx,8,3,0.39578234743665686,0.6025127908895858,0.2832618025751073,0.8528911564625851,0.8129770992366412,0.8160704751735184,0.8176923076923077,0.8187046761690423,0.8199121522693997
rnn,dx,8,3,0.3862649593784818,0.5726295593332232,0.22222222222222224,1.0,1.0,1.0,1.0,1.0,1.0
brnn,dxtx,8,3,0.40095764777345955,0.6056589371183364,0.2559241706161137,0.873453853472883,0.8003466204506066,0.7968065122103944,0.788895486935867,0.7879315346678271,0.7907902217168846
brnn,dx,8,3,0.3993333684154615,0.6183673048357815,0.2488888888888889,0.8896218117854002,0.8423522051923679,0.8311331133113311,0.827461139896373,0.828187250996016,0.8295647945538537
retain,dxtx,8,3,0.3530750855937843,0.5731556362436045,0.2790697674418605,0.8724233983286908,0.8398422090729784,0.8211551844119693,0.8152454780361758,0.808392471459426,0.8059122126007764
retain,dx,8,3,0.39488932351375117,0.6144268856246904,0.2683982683982684,0.8819552782111284,0.8614780435558729,0.8432163924247128,0.8363324764353042,0.832304802790448,0.8307177772060715
deepr,dxtx,8,3,0.3757727470281117,0.6059374484238322,0.2903225806451613,0.8350803633822502,0.8236692015209125,0.8113131313131313,0.7986870897155361,0.793726559836345,0.7912337662337663
deepr,dx,8,3,0.40018610108206076,0.5930227760356495,0.28444444444444444,0.8754559666492965,0.8498542274052479,0.8379233934789491,0.8325094504216342,0.8315382491024579,0.829073482428115
bitenet,dxtx,8,4,0.3882080100568467,0.5912109312645659,0.27,0.2409356725146199,0.2948517940717629,0.3195926285160039,0.3221957040572792,0.32280867106503297,0.32618825722274
bitenet,dx,8,4,0.3788228975834231,0.5723430067362641,0.28679245283018867,0.3582169709989259,0.4731139646869984,0.5032514450867052,0.5203141003755548,0.5318166831519947,0.5436305732484077
rnn,dxtx,8,4,0.41019433508385306,0.5912694612052911,0.31092436974789917,0.2662076878944349,0.3076923076923077,0.3359410952600092,0.3363431151241535,0.33512544802867383,0.3342269883824844
rnn,dx,8,4,0.40110271947719023,0.6119890602219881,0.24731182795698925,0.22145110410094637,0.29062019477191187,0.32673267326732675,0.33302794319743473,0.3360544217687075,0.3348294434470377
brnn,dxtx,8,4,0.42276258496577124,0.6351988421713544,0.27225130890052357,0.3496993987975952,0.4558317399617591,0.5077545515846258,0.5339009776095869,0.5482989064398542,0.5557875894988067
brnn,dx,8,4,0.4307169134012566,0.6254403047813641,0.29743589743589743,0.3463241806908769,0.4348484848484849,0.4772886093640811,0.49151391717583165,0.49866131191432395,0.49966599866399464
retain,dxtx,8,4,0.3876576247591602,0.6093924592152732,0.28,0.505229283990346,0.6014254385964912,0.6480075901328273,0.6760869565217391,0.691958762886598,0.7027777777777777
retain,dx,8,4,0.42161255055532443,0.6094243846374868,0.3495934959349593,1.0,1.0,1.0,1.0,1.0,1.0
deepr,dxtx,8,4,0.3970115781785794,0.6277495769881556,0.2685185185185185,0.18240620957309184,0.2442827442827443,0.2919847328244275,0.3202911737943585,0.3444347063978966,0.3628620102214651
deepr,dx,8,4,0.3401532072075576,0.5593014717619641,0.25252525252525254,1.0,1.0,1.0,1.0,1.0,1.0
bitenet,dxtx,10,0,0.4195149663631651,0.6212260520013685,0.33593749999999994,0.9388379204892966,0.9106636415201361,0.9093610698365527,0.9059729351376575,0.9039586144849303,0.9040017493986442
bitenet,dx,10,0,0.3593628978840028,0.5589826377009921,0.24215246636771304,0.904930966469428,0.903271692745377,0.9078321967348626,0.9057756751429135,0.9061077389984825,0.9042533603387958
rnn,dxtx,10,0,0.3899522823265499,0.6298965104344851,0.2972972972972973,0.933203125,0.9236363636363636,0.9142367066895368,0.9079159935379645,0.9018889745566693,0.8955584463854303
rnn,dx,10,0,0.3657164229585565,0.5688184228532329,0.23404255319148937,0.8225197391005836,0.8142334981724361,0.8025988916491497,0.7945425361155698,0.7945862600651019,0.7936428690297886
brnn,dxtx,10,0,0.3489411473197955,0.5690856996236743,0.2413793103448276,0.9426015654118524,0.9217954650624711,0.9136886102403344,0.9024628616106333,0.8960795347964735,0.8922515952597995
brnn,dx,10,0,0.3441312248311721,0.5611315429353404,0.22325581395348837,0.9399641577060932,0.9115450890292935,0.901183736489964,0.8914858096828047,0.8851381966470322,0.8800350262697023
retain,dxtx,10,0,0.38733759215876573,0.6115720150530277,0.2475247524752475,0.9377734564900341,0.9282831418814033,0.918075422626788,0.9098571763053149,0.9046486486486487,0.8977410246066962
retain,dx,10,0,0.40035414698166744,0.6020676530961341,0.3220338983050847,0.8081861958266453,0.790952380952381,0.7875950848449386,0.7881222707423581,0.7865168539325843,0.7850172646749737
deepr,dxtx,10,0,0.34006093194605724,0.5789001026342798,0.2061855670103093,0.9411259131929522,0.927863436123348,0.9238613188307274,0.9235082098518221,0.9231335049650606,0.9214175654853621
deepr,dx,10,0,0.36338182987977774,0.5828878720492645,0.25984251968503935,0.8192727272727273,0.7661122661122661,0.723717542748575,0.6980045533681533,0.683965640658554,0.6718256130790191
bitenet,dxtx,10,1,0.4172247023671295,0.62730117820324,0.25352112676056343,0.0,0.0,0.0,0.0,0.0,0.0
bitenet,dx,10,1,0.3658096324595466,0.6023410652920962,0.1890547263681592,0.0,0.0,0.0,0.0,0.0,0.0
rnn,dxtx,10,1,0.36388620590008885,0.5824026345933563,0.2456140350877193,0.0,0.0,0.0,0.0,0.0,0.0
rnn,dx,10,1,0.3489056991736694,0.5627147766323024,0.1702127659574468,0.0,0.0,0.0,0.0,0.0,0.0
brnn,dxtx,10,1,0.36880198834231503,0.5963835706103747,0.18181818181818182,0.0,0.0,0.0,0.0,0.0,0.0
brnn,dx,10,1,0.3647133106323063,0.5991552119129439,0.14736842105263157,0.0,0.0,0.0,0.0,0.0,0.0
retain,dxtx,10,1,0.32576086005732535,0.582832187857961,0.19819819819819817,0.0,0.0,0.0,0.0,0.0,0.0
retain,dx,10,1,0.3662754825593803,0.5902470954017346,0.2456140350877193,0.0,0.0,0.0,0.0,0.0,0.0
deepr,dxtx,10,1,0.34615521657789683,0.5784241531664213,0.17346938775510207,0.0,0.0,0.0,0.0,0.0,0.0
deepr,dx,10,1,0.3670337731697982,0.6026734576992309,0.22727272727272727,0.0,0.0,0.0,0.0,0.0,0.0
bitenet,dxtx,10,2,0.39236211959491624,0.63330918787268,0.24,0.7714610574189881,0.7598697598697599,0.7569124423963134,0.7521399330107927,0.7478260869565218,0.7470483005366726
bitenet,dx,10,2,0.35847746594950175,0.5685993533215755,0.26122448979591834,0.6982758620689655,0.6891891891891891,0.6906103286384977,0.6865740740740741,0.6805874254245067,0.6768598813327248
rnn,dxtx,10,2,0.3308434653751168,0.5597652641303434,0.20289855072463767,0.5828125,0.5282885431400283,0.5140893470790378,0.5095367847411444,0.5053981106612686,0.5026809651474531
rnn,dx,10,2,0.3366374340211302,0.5604161417653482,0.23788546255506607,0.62751677852349,0.5241427571728482,0.5115961800818554,0.5057316250842886,0.5020080321285141,0.501002004008016
brnn,dxtx,10,2,0.341649274918521,0.570042831947594,0.21929824561403508,0.0,0.0,0.0,0.0,0.0,0.0
brnn,dx,10,2,0.3635347643236989,0.5820735701688083,0.2,0.6,0.509549795361528,0.5040431266846361,0.5023505708529215,0.501338688085676,0.5006684491978609
retain,dxtx,10,2,0.33349727554086334,0.5222558159066095,0.23387096774193547,1.0,1.0,1.0,1.0,1.0,1.0
retain,dx,10,2,0.3718640031895075,0.5916057781137146,0.29752066115702475,1.0,1.0,1.0,1.0,1.0,1.0
deepr,dxtx,10,2,0.36111459247705385,0.5935794070714706,0.270042194092827,1.0,1.0,1.0,1.0,1.0,1.0
deepr,dx,10,2,0.34950223086424964,0.5653607121861091,0.29718875502008035,0.6149843912591051,0.610726643598616,0.6096437346437347,0.6061753568307603,0.6066969353007946,0.6025069637883008
bitenet,dxtx,10,3,0.3316806523813691,0.5988869069681246,0.2,0.694945054945055,0.6479140328697851,0.6367634124890061,0.6337713167458764,0.6356209150326797,0.6378162450066578
bitenet,dx,10,3,0.33335837855538897,0.5667566252779836,0.2790697674418604,1.0,1.0,1.0,1.0,1.0,1.0
rnn,dxtx,10,3,0.3584705855244862,0.5944912898443291,0.29767441860465116,1.0,1.0,1.0,1.0,1.0,1.0
rnn,dx,10,3,0.3383529728001927,0.5678859340252038,0.24870466321243526,1.0,1.0,1.0,1.0,1.0,1.0
brnn,dxtx,10,3,0.36415852900361195,0.6058307079318014,0.2727272727272727,1.0,1.0,1.0,1.0,1.0,1.0
brnn,dx,10,3,0.37015918364224054,0.6037689955522609,0.2843601895734597,1.0,1.0,1.0,1.0,1.0,1.0
retain,dxtx,10,3,0.3277420189144554,0.5744069681245367,0.25217391304347825,1.0,1.0,1.0,1.0,1.0,1.0
retain,dx,10,3,0.3226722383963682,0.5608552631578948,0.23853211009174313,0.0,0.0,0.0,0.0,0.0,0.0
deepr,dxtx,10,3,0.33088786895460487,0.5690441994069682,0.20895522388059704,1.0,1.0,1.0,1.0,1.0,1.0
deepr,dx,10,3,0.3201456361822659,0.560067642698295,0.24186046511627907,1.0,1.0,1.0,1.0,1.0,1.0
bitenet,dxtx,10,4,0.44503994396624214,0.6416277890466532,0.35185185185185186,1.0,1.0,1.0,1.0,1.0,1.0
bitenet,dx,10,4,0.41401359951756733,0.6220740365111561,0.2965779467680608,0.3712055507372073,0.42912470952749804,0.45930232558139533,0.4709631728045326,0.4758909853249476,0.4777158774373259
rnn,dxtx,10,4,0.41276591430845055,0.6134888438133874,0.30769230769230765,0.0,0.0,0.0,0.0,0.0,0.0
rnn,dx,10,4,0.44692434488626703,0.6437322515212982,0.29245283018867924,1.0,1.0,1.0,1.0,1.0,1.0
brnn,dxtx,10,4,0.4621608913399613,0.6633772819472618,0.3018867924528302,0.0,0.0,0.0,0.0,0.0,0.0
brnn,dx,10,4,0.43591010251600637,0.6233062880324544,0.29955947136563876,1.0,1.0,1.0,1.0,1.0,1.0
retain,dxtx,10,4,0.38059937222340917,0.6033265720081136,0.291044776119403,0.49783549783549785,0.4681861348528015,0.4741100323624595,0.48050974512743627,0.4819364161849711,0.48444130127298446
retain,dx,10,4,0.41986366593904145,0.63447261663286,0.30278884462151395,1.0,1.0,1.0,1.0,1.0,1.0
deepr,dxtx,10,4,0.404650836082166,0.630446247464503,0.3345454545454546,1.0,1.0,1.0,1.0,1.0,1.0
deepr,dx,10,4,0.4139615490020573,0.5968559837728195,0.2931034482758621,0.0,0.0,0.0,0.0,0.0,0.0
bitenet,dxtx,12,0,0.41008086076000194,0.6094777777777778,0.33755274261603374,0.0,0.0,0.0,0.0,0.0,0.0
bitenet,dx,12,0,0.3594848765350776,0.5628666666666666,0.2716049382716049,0.0,0.0,0.0,0.0,0.0,0.0
rnn,dxtx,12,0,0.3435851226569544,0.5468,0.2247191011235955,0.0,0.0,0.0,0.0,0.0,0.0
rnn,dx,12,0,0.3995186878867159,0.5786777777777776,0.3392857142857143,0.0,0.0,0.0,0.0,0.0,0.0
brnn,dxtx,12,0,0.3805952437170889,0.5796444444444445,0.3004694835680751,0.0,0.0,0.0,0.0,0.0,0.0
brnn,dx,12,0,0.349725543706052,0.5391888888888888,0.2487562189054726,0.0,0.0,0.0,0.0,0.0,0.0
retain,dxtx,12,0,0.38412512747149297,0.6059777777777778,0.26839826839826836,1.0,1.0,1.0,1.0,1.0,1.0
retain,dx,12,0,0.37590682157673155,0.5885444444444444,0.3116883116883117,0.13419354838709677,0.25225225225225223,0.31124260355029587,0.32221652129297074,0.3317557974443919,0.3340847610459874
deepr,dxtx,12,0,0.3524727440153196,0.5625,0.2880658436213992,0.0,0.0,0.0,0.0,0.0,0.0
deepr,dx,12,0,0.3568172148595132,0.5439555555555555,0.27309236947791166,0.0,0.0,0.0,0.0,0.0,0.0
bitenet,dxtx,12,1,0.36629892507945905,0.6140446142131346,0.25165562913907286,0.0,0.0,0.0,0.0,0.0,0.0
bitenet,dx,12,1,0.3565946837705297,0.6198991374252582,0.27835051546391754,0.0,0.0,0.0,0.0,0.0,0.0
rnn,dxtx,12,1,0.36603188340203247,0.6399156149745971,0.25882352941176473,0.0,0.0,0.0,0.0,0.0,0.0
rnn,dx,12,1,0.3355161943718336,0.6071227951915514,0.2926829268292683,0.0,0.0,0.0,0.0,0.0,0.0
brnn,dxtx,12,1,0.3674627295202755,0.5862512326954524,0.2823529411764706,0.0,0.0,0.0,0.0,0.0,0.0
brnn,dx,12,1,0.32193512397084845,0.5946772522438178,0.2155688622754491,0.0,0.0,0.0,0.0,0.0,0.0
retain,dxtx,12,1,0.29936677385015475,0.5901584091675092,0.17073170731707318,0.0,0.0,0.0,0.0,0.0,0.0
retain,dx,12,1,0.29745718370811747,0.601043578124805,0.24630541871921183,0.0,0.0,0.0,0.0,0.0,0.0
deepr,dxtx,12,1,0.3404356804521662,0.6063238837084473,0.24309392265193366,0.0,0.0,0.0,0.0,0.0,0.0
deepr,dx,12,1,0.3388604541215713,0.5947895991711294,0.303921568627451,0.0,0.0,0.0,0.0,0.0,0.0
bitenet,dxtx,12,2,0.37042708835028415,0.5812280701754386,0.25203252032520324,0.49526963103122046,0.42891075670173057,0.42250864508016345,0.41782059000602045,0.41289757805660926,0.41060735671514115
bitenet,dx,12,2,0.3717892829537194,0.5701364522417154,0.28776978417266186,0.7269272529858849,0.7008681925808997,0.6784188034188035,0.6706525452681927,0.6622062663185379,0.6560408033152694
rnn,dxtx,12,2,0.38738682360275595,0.5967738791423001,0.1953488372093023,0.7098765432098766,0.6997624703087886,0.6879039704524469,0.6790909090909091,0.6732673267326733,0.6702508960573477
rnn,dx,12,2,0.4061371753555859,0.6307602339181286,0.26666666666666666,0.7327714427367378,0.7528799702712746,0.7574047954866009,0.7571032571032571,0.7553118574366005,0.7550187138482477
brnn,dxtx,12,2,0.3963913712834266,0.5819200779727096,0.22935779816513766,0.7200388161086851,0.7501853224610823,0.7514896600070101,0.7512864493996569,0.7496598639455783,0.74949358541526
brnn,dx,12,2,0.3649326163908012,0.5604970760233918,0.20853080568720378,0.7281746031746031,0.7049723756906078,0.6832716257152474,0.6639214444092493,0.6504263093788063,0.6358006487761723
retain,dxtx,12,2,0.37397773908394194,0.5874366471734893,0.223175965665236,0.6168401135288553,0.5311645708037179,0.48886086591004624,0.470577384246449,0.45576498556631007,0.4459394521864488
retain,dx,12,2,0.36881642260926417,0.5667348927875243,0.21333333333333335,0.5428926647326979,0.4694757002633469,0.4444656853374116,0.4276559865092749,0.41638330757341574,0.4042985768225385
deepr,dxtx,12,2,0.4014794902509264,0.5919785575048733,0.17560975609756097,0.599009900990099,0.5580900243309003,0.546310054482417,0.538325210456358,0.5334576341412886,0.5325595120991541
deepr,dx,12,2,0.3969279737072596,0.5925438596491228,0.27199999999999996,0.4992401215805471,0.47002398081534774,0.44856808883693744,0.42529856202778454,0.4077271746168789,0.3920220082530949
bitenet,dxtx,12,3,0.3870778446855261,0.6195825749031256,0.30701754385964913,0.9582321515298688,0.9016115351993215,0.9076741440377804,0.9059032401242787,0.9049243231720315,0.9031526890583145
bitenet,dx,12,3,0.3982668799521819,0.6425420719382684,0.30612244897959184,0.9836497890295358,0.9274165806673547,0.8992203291943401,0.8977907905243545,0.8940080563947633,0.8939648954075499
rnn,dxtx,12,3,0.3787081525531735,0.6334744106578521,0.2388059701492537,1.0,1.0,1.0,1.0,1.0,1.0
rnn,dx,12,3,0.4069357490274589,0.6289852482998136,0.2810810810810811,1.0,1.0,1.0,1.0,1.0,1.0
brnn,dxtx,12,3,0.3978815125164933,0.6284045606316095,0.21739130434782605,1.0,1.0,1.0,1.0,1.0,1.0
brnn,dx,12,3,0.3845078269975447,0.6137756982210857,0.25555555555555554,0.8714452668484612,0.7883283877349159,0.7760450508988521,0.7691995947315097,0.7675769901220221,0.7652696861492201
retain,dxtx,12,3,0.3450217534653049,0.5826084043372902,0.24669603524229075,0.9514767932489452,0.9216619092927371,0.9118783818603453,0.9117113027689514,0.9090720365372639,0.9084234930448223
retain,dx,12,3,0.34573415487088244,0.5567008006789579,0.2714932126696833,0.9432416617905208,0.9229934924078091,0.9097408400357462,0.9024134312696747,0.898390583713668,0.8968980138361973
deepr,dxtx,12,3,0.3789375737922529,0.6286390691129996,0.23076923076923075,1.0,0.9989858012170385,0.9987684729064039,0.9978609625668449,0.9974135143873262,0.995840760546643
deepr,dx,12,3,0.34182962060763095,0.583211426146579,0.24731182795698925,0.9661387220098306,0.9346884371876041,0.923391494002181,0.9163289630512514,0.9136125654450262,0.9109810254339927
bitenet,dxtx,12,4,0.36710921195556867,0.5930763364518103,0.2650602409638554,0.0,0.0,0.0,0.0,0.0,0.0
bitenet,dx,12,4,0.3196494755128543,0.5373841312123392,0.19917012448132781,0.0,0.0,0.0,0.0,0.0,0.0
rnn,dxtx,12,4,0.3400344598867794,0.5674160320512133,0.2253521126760563,0.0,0.0,0.0,0.0,0.0,0.0
rnn,dx,12,4,0.3907828726682137,0.6347085423357428,0.2358974358974359,0.0,0.0,0.0,0.0,0.0,0.0
brnn,dxtx,12,4,0.41415490542609323,0.6350200320082491,0.24731182795698925,0.0,0.0,0.0,0.0,0.0,0.0
brnn,dx,12,4,0.3699874855843936,0.6094456557931709,0.18681318681318682,0.0,0.0,0.0,0.0,0.0,0.0
retain,dxtx,12,4,0.31252672830153905,0.5478458877992718,0.21224489795918364,0.2654798761609907,0.2680221811460259,0.2655145326001571,0.26481481481481484,0.26227158724471517,0.25927221833449965
retain,dx,12,4,0.30845660050326285,0.5427116787145143,0.1717171717171717,0.0,0.0,0.0,0.0,0.0,0.0
deepr,dxtx,12,4,0.3462253104260234,0.5628188741259492,0.27983539094650206,1.0,1.0,1.0,1.0,1.0,1.0
deepr,dx,12,4,0.3383892985521297,0.5882858401091289,0.23931623931623933,0.6179295624332978,0.5225424981522543,0.5062326869806094,0.5023793337865398,0.5,0.5010073875083949
bitenet,dxtx,14,0,0.33153269800341917,0.5740796963946868,0.2418604651162791,0.18208955223880596,0.22986786337571677,0.21973769081917868,0.21718813490451036,0.2174931667317454,0.21588979052651444
bitenet,dx,14,0,0.3431377701758558,0.5835131471943616,0.2638297872340426,0.18300359712230216,0.2320363533087191,0.229953121144831,0.22849896241641687,0.2298095863427446,0.2315281276238455
rnn,dxtx,14,0,0.36807512021673394,0.6012469503930604,0.25777777777777783,0.15559293523969722,0.20773565573770492,0.22488356620093147,0.23011948908117016,0.2343596783683075,0.23890784982935154
rnn,dx,14,0,0.3618857859736999,0.6023312550826783,0.23036649214659685,0.10024650780608052,0.1317653009610521,0.13849241748438895,0.13856046463389338,0.13673027739523902,0.13612065673921345
brnn,dxtx,14,0,0.33786067913240114,0.5627975060992139,0.21890547263681592,0.13944365192582026,0.1834862385321101,0.19096626643796455,0.19794112335199568,0.2013888888888889,0.20472972972972972
brnn,dx,14,0,0.3817353525865938,0.5902846299810247,0.2672811059907834,0.1363051864552079,0.2224236147074055,0.23164614683082535,0.23783091374893253,0.241889699918897,0.24312106918238993
retain,dxtx,14,0,0.3510888811233489,0.5666251016535646,0.27467811158798283,0.14872711031710584,0.1681081081081081,0.18409090909090908,0.1986428130783467,0.20922190201729107,0.21420664206642068
retain,dx,14,0,0.3317197782859744,0.5579723502304148,0.23893805309734512,0.16318181818181818,0.17344632768361581,0.19233532934131736,0.20789473684210527,0.21874352063031308,0.22264150943396227
deepr,dxtx,14,0,0.37853633195095404,0.6104201680672269,0.29032258064516125,0.19493344783168742,0.24283221141859884,0.2951795278714541,0.3356270428350249,0.36183701871037577,0.37778730703259006
deepr,dx,14,0,0.3955884053917034,0.6035131471943616,0.3056768558951965,0.19036697247706422,0.2388663967611336,0.30004816182372773,0.3416723317471108,0.3699373191899711,0.38994265549183943
bitenet,dxtx,14,1,0.3560235164189847,0.6016611861358534,0.264,1.0,1.0,1.0,1.0,1.0,1.0
bitenet,dx,14,1,0.34869967597375684,0.5801647351786227,0.2693877551020408,1.0,1.0,1.0,1.0,1.0,1.0
rnn,dxtx,14,1,0.3384276276112429,0.5611850716725729,0.25112107623318386,0.0,0.0,0.0,0.0,0.0,0.0
rnn,dx,14,1,0.37591857777499427,0.5660909448860795,0.2767857142857143,0.0,0.0,0.0,0.0,0.0,0.0
brnn,dxtx,14,1,0.375884673504317,0.5928231650863582,0.25531914893617025,0.0,0.0,0.0,0.0,0.0,0.0
brnn,dx,14,1,0.3453053007554739,0.5824154774446892,0.24778761061946905,1.0,1.0,1.0,1.0,1.0,1.0
retain,dxtx,14,1,0.3719014452802183,0.6036458832168056,0.3015873015873016,1.0,1.0,1.0,1.0,1.0,1.0
retain,dx,14,1,0.3482745506511804,0.5628345518202812,0.2857142857142857,1.0,1.0,1.0,1.0,1.0,1.0
deepr,dxtx,14,1,0.3436276879996064,0.5862146026881206,0.26382978723404255,1.0,1.0,1.0,1.0,1.0,1.0
deepr,dx,14,1,0.31113507856920697,0.5091892006938459,0.2037037037037037,0.0,0.0,0.0,0.0,0.0,0.0
bitenet,dxtx,14,2,0.3669993015463742,0.6362611154277821,0.3276450511945393,0.26231017027151404,0.3401724650609575,0.33212341197822143,0.32746392761066273,0.32152016787129867,0.3226389516493448
bitenet,dx,14,2,0.4075621233912137,0.6343186134852802,0.3046875,0.3644805571677307,0.47670103092783506,0.49559892843474934,0.493501670998886,0.4923747276688453,0.49210337401292176
rnn,dxtx,14,2,0.4238572274502824,0.6516122766122765,0.296943231441048,0.0,0.0,0.0,0.0,0.0,0.0
rnn,dx,14,2,0.4290041124808606,0.6344750928084262,0.28124999999999994,0.0,0.0,0.0,0.0,0.0,0.0
brnn,dxtx,14,2,0.4191368340950514,0.6406910990244324,0.2772277227722772,0.0,0.0,0.0,0.0,0.0,0.0
brnn,dx,14,2,0.3898647984199744,0.6061469394802728,0.2608695652173913,0.0,0.0,0.0,0.0,0.0,0.0
retain,dxtx,14,2,0.36119003114441506,0.6064922731589398,0.2615384615384615,0.3265582655826558,0.374896779521057,0.406413612565445,0.4264448336252189,0.44516653127538586,0.45592392701105117
retain,dx,14,2,0.41551981848396946,0.6444250194250194,0.3241106719367589,0.42887586574320724,0.43662420382165607,0.4210403545602986,0.4048160788775123,0.3939444630311141,0.38707177181832275
deepr,dxtx,14,2,0.4112801516065424,0.6227229560562894,0.29565217391304344,0.38084291187739466,0.42418332520721597,0.44781704781704784,0.45627671978235523,0.4619728915662651,0.4667157043030526
deepr,dx,14,2,0.4232277412693143,0.6248489165155833,0.3359375,0.563858695652174,0.5329289428076257,0.5455820476858345,0.5521023765996343,0.5596026490066225,0.5650632911392405
bitenet,dxtx,14,3,0.3404180211104404,0.6247163051116922,0.15853658536585366,0.0,0.0,0.0,0.0,0.0,0.0
bitenet,dx,14,3,0.32672589361905263,0.5697284593495466,0.2258064516129032,0.0,0.0,0.0,0.0,0.0,0.0
rnn,dxtx,14,3,0.37885003512080984,0.6326194398682043,0.2639593908629442,0.0,0.0,0.0,0.0,0.0,0.0
rnn,dx,14,3,0.3260596427979573,0.5609151968295296,0.24242424242424243,0.0,0.0,0.0,0.0,0.0,0.0
brnn,dxtx,14,3,0.3634513699556256,0.6061911729127545,0.24999999999999994,0.0,0.0,0.0,0.0,0.0,0.0
brnn,dx,14,3,0.34585030517650234,0.5850393428647136,0.2641509433962264,0.0,0.0,0.0,0.0,0.0,0.0
retain,dxtx,14,3,0.3530978912971079,0.6290595730463935,0.2920353982300885,0.3046757164404223,0.3036760788492275,0.3078817733990148,0.31596399810516346,0.3231339823829393,0.3252516010978957
retain,dx,14,3,0.3322487584206033,0.5597861775785994,0.2883720930232558,0.0,0.0,0.0,0.0,0.0,0.0
deepr,dxtx,14,3,0.3436590590529911,0.5891521987073882,0.24778761061946902,0.0,0.0,0.0,0.0,0.0,0.0
deepr,dx,14,3,0.30966024272652126,0.5713874264121381,0.24669603524229075,0.811088295687885,0.6925925925925925,0.6032818532818532,0.552013422818792,0.5187739463601533,0.5069191551347414
bitenet,dxtx,14,4,0.3788106883353862,0.577019795606341,0.296,0.42857142857142855,0.39435089625203695,0.37596302003081666,0.3711034141514102,0.36460865337870685,0.35782442748091603
bitenet,dx,14,4,0.36504552259046197,0.5726341836324133,0.28455284552845533,0.5583067092651757,0.5411255411255411,0.5334281650071123,0.528169014084507,0.5230125523012552,0.5183137525915688
rnn,dxtx,14,4,0.4213365768560917,0.6324334111209464,0.27848101265822783,0.7137911136757069,0.6979166666666666,0.6870967741935484,0.6787823716492504,0.6737269040108157,0.6692032229185317
rnn,dx,14,4,0.38547336700094226,0.5866560714573108,0.2693877551020409,0.5591559909570459,0.5299145299145299,0.5151724137931034,0.5112936344969199,0.5088555858310627,0.5057549085985105
brnn,dxtx,14,4,0.369072716033772,0.5670515812344089,0.17346938775510204,0.4521633150517977,0.3929510783798001,0.3656387665198238,0.35103383458646614,0.34264773247824093,0.33708877872915727
brnn,dx,14,4,0.384775035417037,0.5844833829564657,0.24761904761904763,0.0,0.0,0.0,0.0,0.0,0.0
retain,dxtx,14,4,0.32875833142355126,0.5418141948982056,0.14492753623188406,0.5063035804336863,0.4567052203813692,0.4360620652755484,0.43053510063819345,0.43291550603528317,0.43240843507214205
retain,dx,14,4,0.37217712823203564,0.5577371851613422,0.29118773946360155,0.30648148148148147,0.34777376654632974,0.3522546419098143,0.3514456630109671,0.34813753581661894,0.34424695977549113
deepr,dxtx,14,4,0.39320252242192044,0.6112496982377082,0.2572614107883817,0.5326370757180157,0.47659854976928145,0.4305636257989541,0.40599455040871935,0.3918067226890756,0.38331627430910953
deepr,dx,14,4,0.39258900222369597,0.6022370644564256,0.24644549763033174,0.30482897384305835,0.31680773881499397,0.3182052604435276,0.3200775945683802,0.32687765706188004,0.3293079424059452
bitenet,dxtx,16,0,0.3971649212856105,0.636313895375729,0.24,0.0,0.0,0.0,0.0,0.0,0.0
bitenet,dx,16,0,0.37812714418092663,0.6305152243318555,0.21965317919075145,0.0,0.0,0.0,0.0,0.0,0.0
rnn,dxtx,16,0,0.4059999934345274,0.6361728771110435,0.2613636363636364,0.0,0.0,0.0,0.0,0.0,0.0
rnn,dx,16,0,0.363274021613419,0.5986620187046626,0.24719101123595508,0.0,0.0,0.0,0.0,0.0,0.0
brnn,dxtx,16,0,0.39872309019814955,0.6182240723818548,0.2514285714285714,0.0,0.0,0.0,0.0,0.0,0.0
brnn,dx,16,0,0.4061961762888153,0.6567389808327975,0.29767441860465116,0.0,0.0,0.0,0.0,0.0,0.0
retain,dxtx,16,0,0.3368156225093162,0.597263117518981,0.26229508196721313,0.0,0.0,0.0,0.0,0.0,0.0
retain,dx,16,0,0.34345960753325244,0.5549689195744634,0.2719298245614035,0.1346153846153846,0.20713785864240727,0.23161094224924011,0.25538971807628524,0.27153361344537813,0.2841309823677582
deepr,dxtx,16,0,0.3703824005406059,0.612222335036834,0.22598870056497175,0.24346076458752516,0.3011387600168705,0.31821236559139787,0.3361491406932712,0.3486479390916251,0.3592447278077489
deepr,dx,16,0,0.3507450734952818,0.57154138604032,0.223463687150838,0.0,0.0,0.0,0.0,0.0,0.0
bitenet,dxtx,16,1,0.3374645973221463,0.6042665388302972,0.25396825396825395,0.0,0.0,0.0,0.0,0.0,0.0
bitenet,dx,16,1,0.3361160636218522,0.5967815741305674,0.21666666666666667,0.0,0.0,0.0,0.0,0.0,0.0
rnn,dxtx,16,1,0.3668495963525048,0.6192473633748801,0.19101123595505617,0.0,0.0,0.0,0.0,0.0,0.0
rnn,dx,16,1,0.3520402497032022,0.5712760393968448,0.24271844660194178,0.0,0.0,0.0,0.0,0.0,0.0
brnn,dxtx,16,1,0.34527094747226394,0.6012594787762574,0.21395348837209302,0.0,0.0,0.0,0.0,0.0,0.0
brnn,dx,16,1,0.35801873296901054,0.5819968621982045,0.17582417582417584,0.0,0.0,0.0,0.0,0.0,0.0
retain,dxtx,16,1,0.3423032781138511,0.5823128214067812,0.3017241379310345,0.0,0.0,0.0,0.0,0.0,0.0
retain,dx,16,1,0.2926704064754535,0.5108188791074697,0.1895734597156398,0.0,0.0,0.0,0.0,0.0,0.0
deepr,dxtx,16,1,0.3305132183165519,0.563725703826375,0.26548672566371684,0.0,0.0,0.0,0.0,0.0,0.0
deepr,dx,16,1,0.318847813959127,0.5531465179116186,0.1809045226130653,0.0,0.0,0.0,0.0,0.0,0.0
bitenet,dxtx,16,2,0.41668466616930033,0.637519129836382,0.2545454545454545,1.0,1.0,1.0,1.0,1.0,1.0
bitenet,dx,16,2,0.4105932850997649,0.6138032682490935,0.3,0.8675282714054927,0.8588558581064202,0.8636062679320239,0.8674472088647293,0.8690476190476191,0.8699902248289345
rnn,dxtx,16,2,0.4029101516391265,0.6028389190743727,0.28205128205128205,1.0,1.0,1.0,1.0,1.0,1.0
rnn,dx,16,2,0.4415099328723684,0.6272634833249453,0.32863849765258213,1.0,1.0,1.0,1.0,1.0,1.0
brnn,dxtx,16,2,0.42287266744858054,0.6057148139398733,0.3319148936170213,1.0,1.0,1.0,1.0,1.0,1.0
brnn,dx,16,2,0.44926870562798227,0.6333336757017697,0.34309623430962344,1.0,1.0,1.0,1.0,1.0,1.0
retain,dxtx,16,2,0.42959068828667907,0.6565565267406867,0.31496062992125984,1.0,1.0,1.0,1.0,1.0,1.0
retain,dx,16,2,0.41694817054686295,0.5966557451135465,0.321285140562249,1.0,1.0,1.0,1.0,1.0,1.0
deepr,dxtx,16,2,0.4524057696582172,0.6474769158081778,0.3098591549295775,1.0,1.0,1.0,1.0,1.0,1.0
deepr,dx,16,2,0.4266735792966745,0.606536498187159,0.3657587548638132,0.9723444374607165,0.9230769230769231,0.8845907928388747,0.8653189066059226,0.85718043135192,0.8510585305105853
bitenet,dxtx,16,3,0.33811976278950545,0.6311575796062778,0.23148148148148148,0.6758338209479228,0.6861924686192469,0.6825476429287863,0.6801955990220049,0.68,0.6803435114503816
bitenet,dx,16,3,0.3250667804240793,0.5760682209924702,0.26556016597510373,1.0,1.0,1.0,1.0,1.0,1.0
rnn,dxtx,16,3,0.3457938022404684,0.6257597750158759,0.20909090909090908,1.0,1.0,1.0,1.0,1.0,1.0
rnn,dx,16,3,0.3156318848964731,0.5847092443073574,0.1827956989247312,1.0,1.0,1.0,1.0,1.0,1.0
brnn,dxtx,16,3,0.3392759794821038,0.592261634763676,0.15757575757575756,1.0,1.0,1.0,1.0,1.0,1.0
brnn,dx,16,3,0.34639606176819254,0.5961172094711058,0.2571428571428571,1.0,1.0,1.0,1.0,1.0,1.0
retain,dxtx,16,3,0.3237490705590834,0.6055633675043091,0.21100917431192662,0.790986283474853,0.7429365446966189,0.7097678142514011,0.6909556938850238,0.6744186046511628,0.6600326264274062
retain,dx,16,3,0.30095751796695636,0.5566089086455592,0.22222222222222218,1.0,1.0,1.0,1.0,1.0,1.0
deepr,dxtx,16,3,0.34592337606730766,0.598192415857752,0.23157894736842105,1.0,1.0,1.0,1.0,1.0,1.0
deepr,dx,16,3,0.30284430101066195,0.5642179987299283,0.22966507177033493,1.0,1.0,1.0,1.0,1.0,1.0
bitenet,dxtx,16,4,0.36868612690844077,0.599298665754362,0.2907488986784141,0.0,0.0,0.0,0.0,0.0,0.0
bitenet,dx,16,4,0.3732739148249803,0.5728703386931235,0.2907488986784141,0.0,0.0,0.0,0.0,0.0,0.0
rnn,dxtx,16,4,0.3577868118294307,0.5877309271296612,0.19459459459459455,0.0,0.0,0.0,0.0,0.0,0.0
rnn,dx,16,4,0.38062276112730703,0.5865549093397195,0.22222222222222224,0.0,0.0,0.0,0.0,0.0,0.0
brnn,dxtx,16,4,0.35256947789753557,0.612363154293534,0.18947368421052632,0.0,0.0,0.0,0.0,0.0,0.0
brnn,dx,16,4,0.3722353676489704,0.5679096818337325,0.2857142857142857,0.0,0.0,0.0,0.0,0.0,0.0
retain,dxtx,16,4,0.31807046327223476,0.5820325863838522,0.19246861924686193,0.0,0.0,0.0,0.0,0.0,0.0
retain,dx,16,4,0.31201152963268364,0.551990677386247,0.18,0.0,0.0,0.0,0.0,0.0,0.0
deepr,dxtx,16,4,0.3504631594493239,0.5726137529934998,0.18181818181818182,0.0,0.0,0.0,0.0,0.0,0.0
deepr,dx,16,4,0.350712081181109,0.5579028395484091,0.2559241706161137,0.0,0.0,0.0,0.0,0.0,0.0
bitenet,dxtx,6,0,0.35942070768498313,0.570248940677966,0.2924901185770751,0.8092566619915849,0.7566997892201144,0.7287705956907478,0.7211401425178148,0.7137985905887702,0.7107111501316945
bitenet,dx,6,0,0.37139041439273424,0.6052383474576272,0.2857142857142857,0.766301512780386,0.7874321179208689,0.7906412478336222,0.7942614933159439,0.7945248584015104,0.7959372114496768
rnn,dxtx,6,0,0.3542268959917684,0.5567266949152543,0.2685185185185185,0.7263483642793988,0.7397104740278172,0.7459235823801411,0.7432098765432099,0.7443544951001279,0.7457002457002457
rnn,dx,6,0,0.3741528033724501,0.5902542372881356,0.27906976744186046,0.6348267117497887,0.61976401179941,0.6326804400321975,0.6392388788891746,0.6436209898035314,0.64821083172147
brnn,dxtx,6,0,0.35532819444198505,0.5601165254237288,0.2094240837696335,0.6998334721065779,0.6944076331831434,0.69041157847128,0.6881518564872757,0.6840551181102362,0.6807467471242693
brnn,dx,6,0,0.35842802822217773,0.5838771186440679,0.2654867256637168,0.654099560761347,0.637239165329053,0.6420454545454546,0.6478792510508216,0.651609363569861,0.6534846604007802
retain,dxtx,6,0,0.3330340022877065,0.5828495762711864,0.25196850393700787,0.6932251908396947,0.6706360731919837,0.6694499017681729,0.6824644549763034,0.6916666666666667,0.7005533920885427
retain,dx,6,0,0.27603534392336126,0.4712817796610169,0.12571428571428572,0.7376558603491272,0.7194933580475749,0.704833984375,0.6865482233502538,0.6767522022213711,0.6710173431074558
deepr,dxtx,6,0,0.3368825705990196,0.5561758474576272,0.26431718061674014,0.6351408154686843,0.5890834191555098,0.5747899159663865,0.5585315602172691,0.5522904062229905,0.5501803870121351
deepr,dx,6,0,0.3468107009597771,0.5875953389830508,0.2620087336244542,0.7864238410596026,0.7815602836879433,0.7762731822196055,0.768503937007874,0.7692494534855477,0.7622762735199633
bitenet,dxtx,6,1,0.37565606333999524,0.5985853812545194,0.2314814814814815,0.0,0.0,0.0,0.0,0.0,0.0
bitenet,dx,6,1,0.37549970672988037,0.5710466549206124,0.292517006802721,0.0,0.0,0.0,0.0,0.0,0.0
rnn,dxtx,6,1,0.3928642021650669,0.5963193433072951,0.3140495867768595,0.0,0.0,0.0,0.0,0.0,0.0
rnn,dx,6,1,0.376950861720414,0.5887115664687491,0.208955223880597,0.04660452729693742,0.08620689655172414,0.12056737588652482,0.15244596131968147,0.17770419426048564,0.208067940552017
brnn,dxtx,6,1,0.412688640446832,0.6143458024829664,0.27149321266968324,0.0,0.0,0.0,0.0,0.0,0.0
brnn,dx,6,1,0.3852371587558191,0.5981729114259235,0.23529411764705882,0.0,0.0,0.0,0.0,0.0,0.0
retain,dxtx,6,1,0.32855187133437036,0.55122264204748,0.21645021645021645,0.0,0.0,0.0,0.0,0.0,0.0
retain,dx,6,1,0.3186209811428473,0.5621810997158541,0.20276497695852536,0.0,0.0,0.0,0.0,0.0,0.0
deepr,dxtx,6,1,0.3678183412357451,0.5675788530283434,0.2980392156862745,0.05459770114942529,0.0641158221302999,0.07180385288966724,0.08878856282919488,0.10053619302949061,0.10542352224253504
deepr,dx,6,1,0.3567835987407706,0.5773151778712483,0.19909502262443438,0.0,0.0,0.0,0.0,0.0,0.0
bitenet,dxtx,6,2,0.4185347723223962,0.6067404817404818,0.3222748815165877,1.0,1.0,1.0,1.0,1.0,1.0
bitenet,dx,6,2,0.4152995895364084,0.6130428213761547,0.28436018957345977,1.0,1.0,1.0,1.0,1.0,1.0
rnn,dxtx,6,2,0.42838676097314254,0.6576987826987827,0.28421052631578947,1.0,1.0,1.0,1.0,1.0,1.0
rnn,dx,6,2,0.4174024496836973,0.5952041785375118,0.3402489626556016,1.0,1.0,1.0,1.0,1.0,1.0
brnn,dxtx,6,2,0.415437577716128,0.6222912889579556,0.2897196261682243,1.0,1.0,1.0,1.0,1.0,1.0
brnn,dx,6,2,0.42477327231404316,0.6200358283691616,0.3231441048034934,1.0,1.0,1.0,1.0,1.0,1.0
retain,dxtx,6,2,0.4286247037064569,0.6448458948458948,0.32407407407407407,1.0,1.0,1.0,1.0,1.0,1.0
retain,dx,6,2,0.42704328376705264,0.6132154882154882,0.3307692307692308,1.0,1.0,1.0,1.0,1.0,1.0
deepr,dxtx,6,2,0.3773284950849355,0.6097297763964431,0.3153846153846154,1.0,1.0,1.0,1.0,1.0,1.0
deepr,dx,6,2,0.409577949906771,0.6076793576793577,0.31489361702127655,1.0,1.0,1.0,1.0,1.0,1.0
bitenet,dxtx,6,3,0.34919684822609065,0.5749626362600726,0.19191919191919193,1.0,1.0,1.0,1.0,1.0,1.0
bitenet,dx,6,3,0.3305841544560234,0.5693397853283306,0.2241379310344828,0.8750758035172832,0.8329274232830005,0.8259072117593018,0.8189845474613686,0.8132762312633833,0.8069660092320604
rnn,dxtx,6,3,0.38884981757129355,0.6052403298460509,0.29107981220657275,1.0,1.0,1.0,1.0,1.0,1.0
rnn,dx,6,3,0.35965135187681724,0.5807318067327891,0.23529411764705882,1.0,1.0,1.0,1.0,1.0,1.0
brnn,dxtx,6,3,0.3558368506890656,0.582320418891943,0.21551724137931033,1.0,1.0,1.0,1.0,1.0,1.0
brnn,dx,6,3,0.3931688685670964,0.6067557822347175,0.23300970873786409,1.0,1.0,1.0,1.0,1.0,1.0
retain,dxtx,6,3,0.3572872944791375,0.5660894012395356,0.21538461538461537,0.8898678414096917,0.8181114551083591,0.7501462843768285,0.7126315789473684,0.6925759840558047,0.683805862566074
retain,dx,6,3,0.38202871702190366,0.5946739687085211,0.2511627906976744,1.0,1.0,1.0,1.0,1.0,1.0
deepr,dxtx,6,3,0.3366772884034736,0.5516978292450957,0.20276497695852536,0.6451116243264049,0.6273661438615468,0.6096866096866097,0.5937084625609216,0.5788590604026845,0.5665322580645161
deepr,dx,6,3,0.36230393917128967,0.5989381381883551,0.23300970873786409,1.0,1.0,1.0,1.0,1.0,1.0
bitenet,dxtx,6,4,0.367381151368224,0.6068160027891571,0.23696682464454977,0.8154506437768241,0.7365623154164206,0.7368151561699949,0.7361111111111112,0.734453018610985,0.7332757876564523
bitenet,dx,6,4,0.36793451096974666,0.6094526279090038,0.2122905027932961,0.7692895339954163,0.7457158651188502,0.7424023154848046,0.7315436241610739,0.7269653423499577,0.724707779121322
rnn,dxtx,6,4,0.35821842554455985,0.6037762572997473,0.2410714285714286,0.7759078830823738,0.7068764568764568,0.6902792140641159,0.6828669612174767,0.6774809160305344,0.6760037348272643
rnn,dx,6,4,0.39919191170097945,0.6194543711322236,0.30493273542600896,1.0,1.0,1.0,1.0,1.0,1.0
brnn,dxtx,6,4,0.3923167528320852,0.6058681251634271,0.30493273542600896,0.5263157894736842,0.6009589770911028,0.6256871564217891,0.6397306397306397,0.6465313827277017,0.650489967335511
brnn,dx,6,4,0.40134029715756137,0.6382267061797263,0.18390804597701152,0.7884458909682669,0.7598528638991067,0.7482931269913519,0.7462248322147651,0.7461908580593424,0.7434915773353752
retain,dxtx,6,4,0.3206743974215297,0.5894382463174409,0.2469135802469136,0.483343428225318,0.5360230547550432,0.5499459069599711,0.5573715810540361,0.5649267982176958,0.5713845205057045
retain,dx,6,4,0.35215651249312685,0.5999847467968273,0.2116402116402116,0.7573221757322176,0.7503293807641633,0.7219101123595506,0.707012987012987,0.6953937592867756,0.6908653846153846
deepr,dxtx,6,4,0.3614673655110242,0.5985901682210407,0.2488038277511962,0.5005767012687428,0.5391949152542372,0.5498281786941581,0.5514705882352942,0.548326702550901,0.5472493345164152
deepr,dx,6,4,0.36865805818659,0.5983286847380807,0.30837004405286345,0.7537248028045574,0.7131324004305705,0.6732456140350878,0.6395080707148347,0.6156008432888265,0.6020441806791955
bitenet,dxtx,8,0,0.43096551594567845,0.6595771247814867,0.22105263157894736,0.813488759367194,0.727159571819766,0.7320247022496692,0.7376207109102116,0.7393700787401575,0.7419477074649489
bitenet,dx,8,0,0.4349657587031871,0.6290164821443436,0.25510204081632654,0.9268532155130094,0.8834661354581673,0.881914588707366,0.8710526315789474,0.8699950568462679,0.8698028035162747
rnn,dxtx,8,0,0.4121250956094151,0.5973424623324731,0.3050847457627119,0.8960863697705803,0.8832159624413145,0.8751930005146681,0.8720737763064554,0.8691215616681455,0.8700384122919335
rnn,dx,8,0,0.39484725328728065,0.5617664197119787,0.2831050228310502,0.9084761045987376,0.893290919606709,0.8813859382903388,0.8778429073856976,0.8752212389380531,0.8733403582718651
brnn,dxtx,8,0,0.4140220389311974,0.6096104220427869,0.3103448275862069,0.8014586709886548,0.7645550141061811,0.7600177108700464,0.7581632653061224,0.7581991073161265,0.759272997032641
brnn,dx,8,0,0.4087527021551327,0.6198909514692417,0.2731707317073171,0.9004484304932735,0.8894356005788712,0.8818956870611836,0.8779645406401105,0.8770134958641707,0.8765816220701099
retain,dxtx,8,0,0.4064372243737817,0.6147506867560143,0.321285140562249,0.8974694589877836,0.9039079229122056,0.9030508474576271,0.9024086378737541,0.8990056541236109,0.8941176470588236
retain,dx,8,0,0.37095665289969293,0.5732851910430368,0.25,1.0,1.0,1.0,1.0,1.0,1.0
deepr,dxtx,8,0,0.41086395867947284,0.586135852826105,0.2831050228310502,0.9654255319148937,0.9534109816971714,0.937584803256445,0.9256817500749176,0.9192886456908345,0.9090676229508197
deepr,dx,8,0,0.3922164138772054,0.5725151918754682,0.3125,0.8713881019830029,0.8944444444444445,0.898398674765323,0.8962080700048615,0.895152198421646,0.8935807208359992
bitenet,dxtx,8,1,0.3753041865579939,0.60513238562128,0.2975206611570248,1.0,1.0,1.0,1.0,1.0,1.0
bitenet,dx,8,1,0.3835291388987778,0.5972819350299835,0.28440366972477066,1.0,1.0,1.0,1.0,1.0,1.0
rnn,dxtx,8,1,0.40675469098934675,0.6272096840835744,0.28703703703703703,1.0,1.0,1.0,1.0,1.0,1.0
rnn,dx,8,1,0.39059123151292563,0.5604194351695719,0.31578947368421056,1.0,1.0,1.0,1.0,1.0,1.0
brnn,dxtx,8,1,0.42965065953527826,0.6602307116774057,0.30845771144278605,1.0,1.0,1.0,1.0,1.0,1.0
brnn,dx,8,1,0.3956019799546649,0.6034684921104647,0.25274725274725274,1.0,1.0,1.0,1.0,1.0,1.0
retain,dxtx,8,1,0.38019652760023714,0.6094875431328101,0.28837209302325584,0.9830677290836654,0.9394124847001224,0.9093851132686084,0.8905318914146988,0.8817512274959084,0.8754098360655738
retain,dx,8,1,0.3833856174756976,0.5905705256340105,0.34513274336283184,1.0,1.0,1.0,1.0,1.0,1.0
deepr,dxtx,8,1,0.4147343927285638,0.6355068174965661,0.3283582089552239,1.0,1.0,1.0,1.0,1.0,1.0
deepr,dx,8,1,0.37790242510621264,0.5737305832560944,0.28708133971291866,0.8851485148514852,0.834077855775367,0.8200597988583854,0.8217325988983475,0.825952380952381,0.8308537422751202
bitenet,dxtx,8,2,0.4324561997919688,0.6453373428785483,0.27619047619047615,0.3640514736405147,0.4075816270060874,0.40662796323173683,0.4145279560036664,0.4143391246976028,0.4154794811822241
bitenet,dx,8,2,0.4188905912733133,0.6163375093648547,0.3049645390070922,0.0,0.0,0.0,0.0,0.0,0.0
rnn,dxtx,8,2,0.4586356944419123,0.6636664446849246,0.31730769230769235,0.45171717171717174,0.49667774086378735,0.5029239766081871,0.5153209572802505,0.5177215189873418,0.517536704730832
rnn,dx,8,2,0.43038846364319894,0.6303275618080413,0.25510204081632654,0.21515326778484672,0.29643929643929645,0.32261812548412083,0.3423618634886241,0.35247592847317744,0.3592039800995025
brnn,dxtx,8,2,0.45050260824264476,0.6594210438691418,0.3361344537815126,0.29079159935379645,0.34875153499795336,0.3647146034099333,0.37815416522640855,0.38397881496193315,0.3909294155221974
brnn,dx,8,2,0.43372943511621453,0.6140119037709147,0.33035714285714285,0.2876190476190476,0.3350066934404284,0.3417375455650061,0.341324200913242,0.3420479302832244,0.3417019027484144
retain,dxtx,8,2,0.4100819895525905,0.64388579039374,0.31417624521072796,0.3083749306711037,0.33382624768946395,0.3581571473650994,0.37489300998573466,0.38632162661737524,0.3977131493910017
retain,dx,8,2,0.3735016225841604,0.5832015316740198,0.2704918032786885,0.2348008385744235,0.23291139240506328,0.24458483754512636,0.2515776188472865,0.2574178027265437,0.26166407465007774
deepr,dxtx,8,2,0.4417264126612998,0.658484558395072,0.2748815165876777,0.2923479398299542,0.34301027244305493,0.36278707668353444,0.3728813559322034,0.3830006882312457,0.3884297520661157
deepr,dx,8,2,0.4324840742245808,0.642720386248231,0.2980769230769231,0.38103651354534745,0.40401606425702813,0.429766469153015,0.4418751979727589,0.4497777777777778,0.45703787450537026
bitenet,dxtx,8,3,0.30644215360949956,0.595128805620609,0.1566265060240964,0.09252669039145907,0.10204081632653061,0.1462663587374904,0.152327221438646,0.16622516556291392,0.1708542713567839
bitenet,dx,8,3,0.27366259919978747,0.5642740046838408,0.1724137931034483,0.11400651465798045,0.10028653295128939,0.1465315666406859,0.15275813295615276,0.16201859229747675,0.16930881420418517
rnn,dxtx,8,3,0.30811923390932233,0.5631381733021077,0.16666666666666669,0.0,0.0,0.0,0.0,0.0,0.0
rnn,dx,8,3,0.30573526899331116,0.5839110070257613,0.16279069767441862,0.057971014492753624,0.11479591836734694,0.15619495008807985,0.1798196166854566,0.20130222463374933,0.22041031036296685
brnn,dxtx,8,3,0.33271823448714755,0.5933372365339579,0.19767441860465113,0.049707602339181284,0.08997955010224949,0.12278308321964529,0.14352840666381889,0.1563517915309446,0.16732438831886345
brnn,dx,8,3,0.3333533384215541,0.5964051522248244,0.21538461538461537,0.0,0.0,0.0,0.0,0.0,0.0
retain,dxtx,8,3,0.297248063977835,0.5667798594847776,0.19811320754716985,0.06647116324535679,0.11473183978275628,0.14874551971326164,0.17340720221606648,0.19027705175117615,0.20535714285714285
retain,dx,8,3,0.33335513147578033,0.574016393442623,0.273972602739726,0.04297520661157025,0.07787114845938375,0.10614250614250614,0.132486388384755,0.148323301805675,0.16240725474031328
deepr,dxtx,8,3,0.3136338195036138,0.6072950819672132,0.19101123595505617,0.12238325281803543,0.16798418972332016,0.18680445151033387,0.20655270655270655,0.2186046511627907,0.23042929292929293
deepr,dx,8,3,0.3301166252709091,0.5838992974238876,0.2511210762331839,0.06382978723404255,0.08959537572254335,0.12033462033462033,0.15453460620525059,0.17276887871853547,0.1959385290889133
bitenet,dxtx,8,4,0.36091751345333767,0.620353377030493,0.3122362869198312,0.5983493810178817,0.5814873417721519,0.5181538461538462,0.5574136008918618,0.5780104712041885,0.5962301587301587
bitenet,dx,8,4,0.3837715112383687,0.6255742376745511,0.25806451612903225,0.3136212624584718,0.33884297520661155,0.35081685296646603,0.4012563800549666,0.44271211022480056,0.47163362952836635
rnn,dxtx,8,4,0.4009559720962067,0.6664462809917355,0.26315789473684215,0.5953079178885631,0.5567685589519651,0.5529482551143201,0.5865118850193477,0.6087636932707355,0.6296296296296297
rnn,dx,8,4,0.33242465643560115,0.5987688800227986,0.205607476635514,0.3276651406147809,0.3830554303740424,0.39488636363636365,0.4217660728117738,0.4425801640566741,0.4620367038503059
brnn,dxtx,8,4,0.3316648792527282,0.5631461954972926,0.22222222222222227,0.3341772151898734,0.3722466960352423,0.40239043824701193,0.43246311010215666,0.45770065075921906,0.4746059544658494
brnn,dx,8,4,0.3574020927260677,0.6017782844115133,0.24731182795698928,0.2743732590529248,0.3410071942446043,0.363481228668942,0.39466235341690253,0.4193798449612403,0.43916136278547363
retain,dxtx,8,4,0.2969518839903192,0.5747278426902251,0.19642857142857142,0.6119631901840491,0.5359877488514548,0.5348699763593381,0.5472794506075013,0.563777994157741,0.5722808627810922
retain,dx,8,4,0.32994045146238005,0.6011399259048161,0.2782608695652174,0.07897545357524013,0.10711817553559087,0.14825753101004135,0.17991169977924945,0.20811380400421498,0.23933768188660312
deepr,dxtx,8,4,0.36946146581070793,0.6133941293815902,0.15094339622641506,0.6925566343042071,0.6177194421657096,0.5877525252525253,0.6003363228699552,0.6167883211678832,0.6325925925925926
deepr,dx,8,4,0.35798222298556226,0.601618694784839,0.30414746543778803,0.31259370314842577,0.3493217054263566,0.37735042735042734,0.4061624649859944,0.4333459931636916,0.45077149155033064
bitenet,dxtx,10,0,0.31494297814131816,0.5444076551864763,0.16450216450216448,0.0,0.0,0.0,0.0,0.0,0.0
bitenet,dx,10,0,0.31079061073588865,0.5256386604394643,0.15966386554621848,0.0,0.0,0.0,0.0,0.0,0.0
rnn,dxtx,10,0,0.36632012803628344,0.591548611987688,0.20408163265306126,0.0,0.0,0.0,0.0,0.0,0.0
rnn,dx,10,0,0.3287344924707202,0.5438153589218265,0.15929203539823011,0.0,0.0,0.0,0.0,0.0,0.0
brnn,dxtx,10,0,0.3893339790906665,0.5771587256891513,0.2889733840304183,0.0,0.0,0.0,0.0,0.0,0.0
brnn,dx,10,0,0.41280985984563295,0.618260202545903,0.2564102564102564,0.0,0.0,0.0,0.0,0.0,0.0
retain,dxtx,10,0,0.35727448109999754,0.5564866150753964,0.28985507246376807,0.9640062597809077,0.9533255542590432,0.9311043566362716,0.914777878513146,0.8964955175224124,0.8752783964365256
retain,dx,10,0,0.38438909398171284,0.5923739428482654,0.30927835051546393,0.8235294117647058,0.7858508604206501,0.7569284064665127,0.7385197190707725,0.7223080886141164,0.714070351758794
deepr,dxtx,10,0,0.3589104831551443,0.589528978822981,0.2338709677419355,0.0,0.0,0.0,0.0,0.0,0.0
deepr,dx,10,0,0.36363963529640353,0.5739059511209935,0.2151394422310757,0.0,0.0,0.0,0.0,0.0,0.0
bitenet,dxtx,10,1,0.3417681092592707,0.5251201541476445,0.27777777777777773,0.0,0.0,0.0,0.0,0.0,0.0
bitenet,dx,10,1,0.3626187146097328,0.5834838681424552,0.33444816053511706,0.0,0.0,0.0,0.0,0.0,0.0
rnn,dxtx,10,1,0.3747508312539847,0.5818416702247622,0.27802690582959644,0.0,0.0,0.0,0.0,0.0,0.0
rnn,dx,10,1,0.3841773411901108,0.6027413757239355,0.2436548223350254,0.0,0.0,0.0,0.0,0.0,0.0
brnn,dxtx,10,1,0.40071849956869043,0.5957894045390351,0.30917874396135264,0.0,0.0,0.0,0.0,0.0,0.0
brnn,dx,10,1,0.37741194545440315,0.5789842458479763,0.2884615384615385,0.0,0.0,0.0,0.0,0.0,0.0
retain,dxtx,10,1,0.381657829573126,0.6154738835791156,0.2634146341463415,0.0,0.0,0.0,0.0,0.0,0.0
retain,dx,10,1,0.3666414210967875,0.5917933896059819,0.2711864406779661,0.0,0.0,0.0,0.0,0.0,0.0
deepr,dxtx,10,1,0.34957103007640744,0.5463920911748283,0.1954022988505747,0.0,0.0,0.0,0.0,0.0,0.0
deepr,dx,10,1,0.3811074134169254,0.5701382730646698,0.23728813559322037,0.0,0.0,0.0,0.0,0.0,0.0
bitenet,dxtx,10,2,0.44443783663065856,0.6345231241604299,0.37125748502994016,1.0,1.0,1.0,1.0,1.0,1.0
bitenet,dx,10,2,0.3906638585242199,0.5851942752679049,0.2926829268292683,1.0,1.0,1.0,1.0,1.0,1.0
rnn,dxtx,10,2,0.41023941742244435,0.5869264410306134,0.2966101694915254,1.0,1.0,1.0,1.0,1.0,1.0
rnn,dx,10,2,0.4081036896145739,0.5942793079417024,0.2450980392156863,1.0,1.0,1.0,1.0,1.0,1.0
brnn,dxtx,10,2,0.3959434495623755,0.5966528295407488,0.2683982683982684,1.0,1.0,1.0,1.0,1.0,1.0
brnn,dx,10,2,0.39753846392266023,0.5533234352432607,0.29310344827586204,1.0,1.0,1.0,1.0,1.0,1.0
retain,dxtx,10,2,0.37645482985997014,0.5684836732014261,0.30115830115830117,1.0,1.0,1.0,1.0,1.0,1.0
retain,dx,10,2,0.3905247450890794,0.5791291700754476,0.3132530120481927,1.0,1.0,1.0,1.0,1.0,1.0
deepr,dxtx,10,2,0.40733332180743687,0.611893868234201,0.2631578947368421,1.0,1.0,1.0,1.0,1.0,1.0
deepr,dx,10,2,0.4053892707839959,0.5720894060135947,0.2829268292682926,1.0,1.0,1.0,1.0,1.0,1.0
bitenet,dxtx,10,3,0.3321394207197822,0.5855116876533681,0.21965317919075142,1.0,1.0,1.0,1.0,1.0,1.0
bitenet,dx,10,3,0.2980696440145941,0.5734611352403773,0.3054187192118226,1.0,1.0,1.0,1.0,1.0,1.0
rnn,dxtx,10,3,0.3794068017969029,0.6326424810774068,0.2815533980582524,0.7379255740300871,0.6985294117647058,0.6782560706401766,0.6716961498439126,0.6728364182091046,0.6697606253053249
rnn,dx,10,3,0.36666039279677703,0.6087948295526548,0.2564102564102564,0.7645502645502645,0.7261518494484102,0.6926205694363742,0.6828478964401294,0.6736788096459723,0.6638613861386139
brnn,dxtx,10,3,0.38343796953019316,0.6168477321689843,0.28272251308900526,0.7752403846153846,0.766624843161857,0.7612903225806451,0.7503628447024674,0.7479674796747967,0.7444598337950139
brnn,dx,10,3,0.33204591957188767,0.5815255584613082,0.2035928143712575,0.6608615948670944,0.5770132916340891,0.5498154981549815,0.5309608540925267,0.51875,0.5112936344969199
retain,dxtx,10,3,0.29701829038371613,0.5394983928756582,0.2072072072072072,0.9778456837280367,0.9319664492078286,0.8987202925045704,0.8689127105666156,0.8526490066225165,0.8425663488791548
retain,dx,10,3,0.33764305345897294,0.5772859759680188,0.2975206611570248,0.44776119402985076,0.435515873015873,0.44,0.44745575221238937,0.449623352165725,0.457167090754877
deepr,dxtx,10,3,0.3371395016877127,0.5925162152509764,0.14193548387096774,1.0,1.0,1.0,1.0,1.0,1.0
deepr,dx,10,3,0.3044625536063613,0.5588760498150943,0.23529411764705882,1.0,1.0,1.0,1.0,1.0,1.0
bitenet,dxtx,10,4,0.37321003727072233,0.5923525038446262,0.22748815165876776,0.28670253651037664,0.336144578313253,0.3480693900391718,0.3566470902295782,0.3590010405827263,0.3608717688798784
bitenet,dx,10,4,0.3800081801178071,0.5888999786126755,0.2578125,0.42404723564143854,0.5265859919325265,0.5617685305591678,0.5775597792765175,0.5911618378694762,0.598411798071469
rnn,dxtx,10,4,0.41543347558554844,0.6282883011335282,0.28820960698689957,0.28153153153153154,0.2912865681031771,0.2950399087799316,0.29633649932157397,0.30139144132318196,0.30610160837375544
rnn,dx,10,4,0.3951128075527104,0.5998431596207314,0.2376237623762376,0.42154324184360437,0.5077088562208677,0.5339010809040288,0.5481458398254908,0.5558930741190765,0.562555720653789
brnn,dxtx,10,4,0.3745189695964443,0.5581276925113811,0.2692307692307692,0.51438127090301,0.594785442694188,0.6198473282442748,0.6318383440118285,0.6437768240343348,0.6509345794392524
brnn,dx,10,4,0.3788382599271332,0.5616820621454541,0.30714285714285716,1.0,1.0,1.0,1.0,1.0,1.0
retain,dxtx,10,4,0.3743030931913029,0.5832628909551987,0.29838709677419356,0.5629139072847682,0.519496855345912,0.4852426213106553,0.47518998658918193,0.462970624741415,0.4626334519572954
retain,dx,10,4,0.37289532979084,0.5787715528215991,0.25101214574898784,1.0,1.0,1.0,1.0,1.0,1.0
deepr,dxtx,10,4,0.37191639064265103,0.5714794936296327,0.2693877551020408,0.45105820105820105,0.4313222079589217,0.41702432045779686,0.40675763482781024,0.39739709443099275,0.3925179856115108
deepr,dx,10,4,0.3675676652350585,0.5701860697226777,0.2794759825327511,1.0,1.0,1.0,1.0,1.0,1.0
bitenet,dxtx,12,0,0.3685451874971876,0.6257566258193217,0.2555555555555556,0.47561890472618157,0.5534855769230769,0.576031656302996,0.5961227786752827,0.6087636932707355,0.6165644171779141
bitenet,dx,12,0,0.37857009709578726,0.6243659162154459,0.30414746543778803,0.6186301369863013,0.6909924937447873,0.7186081694402421,0.7313753581661891,0.7418244406196214,0.7499166388796266
rnn,dxtx,12,0,0.3919486705190597,0.6188201766885153,0.2974358974358974,0.47288503253796094,0.5983827493261455,0.6305637982195845,0.6446555819477434,0.6511411271541686,0.6559485530546624
rnn,dx,12,0,0.3963356687642087,0.6136791108577943,0.3054187192118227,0.0,0.0,0.0,0.0,0.0,0.0
brnn,dxtx,12,0,0.3399622730783956,0.5686976346537475,0.21965317919075147,0.0,0.0,0.0,0.0,0.0,0.0
brnn,dx,12,0,0.36513219282439435,0.6167227130236534,0.25000000000000006,0.0,0.0,0.0,0.0,0.0,0.0
retain,dxtx,12,0,0.3420256694328831,0.6133941293815902,0.27312775330396477,0.0,0.0,0.0,0.0,0.0,0.0
retain,dx,12,0,0.3295041399075233,0.5563750356226844,0.23809523809523808,0.0,0.0,0.0,0.0,0.0,0.0
deepr,dxtx,12,0,0.36901451576486244,0.6017326873753206,0.2765957446808511,0.4430379746835443,0.4361413043478261,0.44713656387665196,0.44597249508840864,0.45586897179253866,0.4621342512908778
deepr,dx,12,0,0.3563920572411635,0.6186833855799373,0.21468926553672318,0.48990825688073397,0.5488342785129174,0.5859728506787331,0.6023516835916622,0.6148683531233867,0.6227272727272727
bitenet,dxtx,12,1,0.39853453731595223,0.5928537754380451,0.2925170068027211,0.609007164790174,0.5343120518948447,0.5105042016806722,0.498464116168668,0.4872813990461049,0.4786130093647178
bitenet,dx,12,1,0.4236724371733399,0.5885322542625914,0.3146067415730337,0.523201362281822,0.49089426474585485,0.472657191038304,0.4577987846049966,0.44844801389190364,0.44059613769941225
rnn,dxtx,12,1,0.4461905273705926,0.6293018778973835,0.33858267716535434,0.5430303030303031,0.48562582927908005,0.4692518605562084,0.4593510754648195,0.45375521557719056,0.45101972584419925
rnn,dx,12,1,0.3777761097438486,0.5734560383436789,0.2242152466367713,0.7066062176165803,0.6986444212721585,0.691285081240768,0.6862184072484502,0.6814572629612331,0.6759981642955484
brnn,dxtx,12,1,0.43359420325472986,0.6169953641863755,0.25806451612903225,0.0,0.0,0.0,0.0,0.0,0.0
brnn,dx,12,1,0.434792587899697,0.6066335350043215,0.3215686274509804,0.4993234100135318,0.38331627430910953,0.3490214352283318,0.3308303886925795,0.3157672849915683,0.3031161473087819
retain,dxtx,12,1,0.4274077553907937,0.6229570990806946,0.35897435897435903,0.0,0.0,0.0,0.0,0.0,0.0
retain,dx,12,1,0.3836055670049544,0.5526145203111495,0.3011583011583011,0.0,0.0,0.0,0.0,0.0,0.0
deepr,dxtx,12,1,0.4185122708832086,0.6009566276420208,0.2918454935622318,0.3838685586258402,0.3770189201661283,0.36762536873156343,0.35810588622163764,0.3514911746804626,0.34763824884792627
deepr,dx,12,1,0.4100543194253565,0.5870393651292527,0.2557077625570776,0.584895554365292,0.5472358292512246,0.5288602402578377,0.5136568549456377,0.5031956735496559,0.49337294332723947
bitenet,dxtx,12,2,0.3568368702314986,0.598404793070055,0.17582417582417584,0.18953909891248058,0.19072164948453607,0.20642030608435982,0.21081277213352684,0.21683309557774608,0.22335561027084067
bitenet,dx,12,2,0.3651712513632619,0.614771892858283,0.22325581395348834,0.33694627709707825,0.34849545136459065,0.3635204081632653,0.3685010641532381,0.37237503697131025,0.3788622581576668
rnn,dxtx,12,2,0.34911369159620226,0.5749449286466813,0.24999999999999994,0.4613564668769716,0.5619785458879618,0.6125845033801353,0.6318383440118285,0.6398264223722275,0.6463356973995272
rnn,dx,12,2,0.3481730264971332,0.5816279836967511,0.25112107623318386,0.3292452830188679,0.4049520766773163,0.4491150442477876,0.4706298655343241,0.48378191856452724,0.49081007488087136
brnn,dxtx,12,2,0.3540757157320648,0.6009215805212358,0.24669603524229075,0.18417945690672963,0.31301939058171746,0.37279596977329976,0.3977455716586151,0.4178988326848249,0.4405385190725505
brnn,dx,12,2,0.376824352768818,0.5926528961678852,0.27234042553191495,0.4675036927621861,0.574785100286533,0.6133886870783601,0.6287992027902342,0.6383906931652933,0.6457739791073125
retain,dxtx,12,2,0.32658742359772597,0.5809043407932403,0.27169811320754716,0.3399897593445981,0.34066265060240963,0.34756536339649796,0.35624600978931686,0.3622730860299921,0.36625824693685205
retain,dx,12,2,0.3314085558137122,0.5591631282657047,0.23868312757201648,1.0,1.0,1.0,1.0,1.0,1.0
deepr,dxtx,12,2,0.3813110531142846,0.5967925592482628,0.26976744186046514,1.0,1.0,1.0,1.0,1.0,1.0
deepr,dx,12,2,0.3147841629784878,0.5884813076652938,0.16129032258064518,0.49166666666666664,0.5415601023017903,0.5708478513356562,0.5936990765888104,0.6084683742812337,0.6205673758865248
bitenet,dxtx,12,3,0.35740622943692313,0.6104624270935572,0.20809248554913296,0.0,0.0,0.0,0.0,0.0,0.0
bitenet,dx,12,3,0.3436168890389095,0.5788630543427984,0.23232323232323235,0.0,0.0,0.0,0.0,0.0,0.0
rnn,dxtx,12,3,0.3542176707301865,0.5897835087600547,0.27522935779816515,0.0,0.0,0.0,0.0,0.0,0.0
rnn,dx,12,3,0.3353964801220672,0.5496666328222831,0.2358490566037736,0.0,0.0,0.0,0.0,0.0,0.0
brnn,dxtx,12,3,0.36727512715646043,0.5829243803657449,0.24864864864864863,0.0,0.0,0.0,0.0,0.0,0.0
brnn,dx,12,3,0.3603216797475953,0.5767647025642761,0.2830188679245283,0.0,0.0,0.0,0.0,0.0,0.0
retain,dxtx,12,3,0.31816988695454596,0.5593461265103057,0.2153846153846154,1.0,1.0,1.0,1.0,1.0,1.0
retain,dx,12,3,0.28920505214634673,0.5110389097595921,0.19534883720930232,0.0,0.0,0.0,0.0,0.0,0.0
deepr,dxtx,12,3,0.3458523185964565,0.5720603332543632,0.2608695652173913,0.0,0.0,0.0,0.0,0.0,0.0
deepr,dx,12,3,0.31577096129705484,0.5468349860673954,0.1847826086956522,1.0,1.0,1.0,1.0,1.0,1.0
bitenet,dxtx,12,4,0.40785147171687186,0.6215390678884619,0.2897196261682243,1.0,1.0,1.0,1.0,1.0,1.0
bitenet,dx,12,4,0.4131986401365113,0.6171160814968086,0.37323943661971826,0.0,0.0,0.0,0.0,0.0,0.0
rnn,dxtx,12,4,0.40359514143211295,0.6247796717793761,0.21965317919075145,1.0,1.0,1.0,1.0,1.0,1.0
rnn,dx,12,4,0.42155024940039076,0.6350817267163705,0.3406113537117904,1.0,1.0,1.0,1.0,1.0,1.0
brnn,dxtx,12,4,0.4118257918245962,0.6236191852508731,0.30303030303030304,1.0,1.0,1.0,1.0,1.0,1.0
brnn,dx,12,4,0.45581618711858896,0.6230170460143857,0.38888888888888895,0.0,0.0,0.0,0.0,0.0,0.0
retain,dxtx,12,4,0.38723048949880423,0.6292464501155013,0.288135593220339,0.9475549255846917,0.8880629645824224,0.8514246947082768,0.838681189284663,0.8340026773761714,0.8321240930698024
retain,dx,12,4,0.37833695198394446,0.57907182973692,0.3183673469387755,0.0,0.0,0.0,0.0,0.0,0.0
deepr,dxtx,12,4,0.4077784761891703,0.6080073570466713,0.30841121495327106,0.0,0.0,0.0,0.0,0.0,0.0
deepr,dx,12,4,0.3764079964272308,0.5730394893859274,0.2772277227722772,0.0,0.0,0.0,0.0,0.0,0.0
bitenet,dxtx,14,0,0.37943085675279714,0.6028158222392491,0.3237410071942446,0.6285452881976212,0.5205003474635164,0.5006675567423231,0.5006675567423231,0.5,0.5
bitenet,dx,14,0,0.34550087944008834,0.5604188615394439,0.2706766917293233,0.0,0.0,0.0,0.0,0.0,0.0
rnn,dxtx,14,0,0.40293490467864346,0.5922697911013207,0.2692307692307692,0.4827352742044685,0.41801902630106325,0.38568486096807414,0.36787819253438114,0.35785953177257523,0.35049134300421153
rnn,dx,14,0,0.41687399422369087,0.6177782034500738,0.2328042328042328,0.0,0.0,0.0,0.0,0.0,0.0
brnn,dxtx,14,0,0.3879723025419202,0.6028583894688675,0.27649769585253453,0.0,0.0,0.0,0.0,0.0,0.0
brnn,dx,14,0,0.39473944389226123,0.5803828922304164,0.28431372549019607,0.0,0.0,0.0,0.0,0.0,0.0
retain,dxtx,14,0,0.3859798194798013,0.6214921942342687,0.18947368421052632,1.0,1.0,1.0,1.0,1.0,1.0
retain,dx,14,0,0.35633404570334176,0.569315412529664,0.15028901734104047,1.0,1.0,1.0,1.0,1.0,1.0
deepr,dxtx,14,0,0.3951723997990397,0.5963775287594846,0.2995594713656388,0.0,0.0,0.0,0.0,0.0,0.0
deepr,dx,14,0,0.3839508770706612,0.5971650225074225,0.25510204081632654,0.6334033613445378,0.5853269537480064,0.5545657015590201,0.5377426312005751,0.5289957567185289,0.5226480836236934
bitenet,dxtx,14,1,0.38847398854468695,0.6363864348817327,0.24444444444444446,0.8719115734720416,0.8345053914674168,0.828825191764231,0.823726292301971,0.8218410920546028,0.8203151190077104
bitenet,dx,14,1,0.3602368341521194,0.6053120547164434,0.331877729257642,0.7640086206896551,0.7587260034904014,0.7560674619498149,0.747244094488189,0.7458859548411787,0.7436661698956781
rnn,dxtx,14,1,0.39439198852080787,0.6446394984326018,0.27586206896551724,0.9524045612295489,0.8879858657243817,0.8745577356063042,0.8617936117936118,0.856071964017991,0.8477751756440282
rnn,dx,14,1,0.41196208384103394,0.6371501852379595,0.2967032967032967,0.9890530925013684,0.8931325743665075,0.825421611492817,0.8147599288678127,0.8069974189848007,0.8021300448430493
brnn,dxtx,14,1,0.4498717349589673,0.6746879452835566,0.37788018433179726,0.8441247002398081,0.8432400932400932,0.8317905316053954,0.8278481012658228,0.8254589963280293,0.8261494252873564
brnn,dx,14,1,0.38660293988521055,0.5881105728127671,0.2696629213483146,0.9435751541014699,0.8556430446194225,0.7939262472885033,0.7731729055258467,0.761162144840846,0.7537375415282392
retain,dxtx,14,1,0.3880739160459754,0.6366372185807923,0.3372549019607843,0.9806522940851299,0.9493132766514062,0.910768452982811,0.8858397365532382,0.866215409118057,0.8505768515072571
retain,dx,14,1,0.30748170537860914,0.5575377600455971,0.24793388429752067,1.0,1.0,1.0,1.0,1.0,1.0
deepr,dxtx,14,1,0.3849439611972183,0.623801652892562,0.319327731092437,0.815668202764977,0.7770534550195567,0.7420965058236273,0.7104339278191265,0.6818523153942428,0.6575608640987541
deepr,dx,14,1,0.4035638787216804,0.6474437161584498,0.3629032258064516,0.9042128603104213,0.8006344558321132,0.726302685399253,0.6752237054422766,0.639861039629439,0.6121517209084524
bitenet,dxtx,14,2,0.3459019980281475,0.5774213000703525,0.2333333333333333,0.0,0.0,0.0,0.0,0.0,0.0
bitenet,dx,14,2,0.33762523012300844,0.5778903170331326,0.2266009852216749,1.0,1.0,1.0,1.0,1.0,1.0
rnn,dxtx,14,2,0.34897888280033273,0.5819048788931199,0.2,0.0,0.0,0.0,0.0,0.0,0.0
rnn,dx,14,2,0.34739641395251253,0.5953500318261511,0.21348314606741572,0.0,0.0,0.0,0.0,0.0,0.0
brnn,dxtx,14,2,0.36547130661613986,0.6136193592334923,0.20111731843575417,0.622154779969651,0.6128755364806867,0.5788253477588872,0.5585384041759881,0.5427536231884058,0.533856022808268
brnn,dx,14,2,0.3467219219880529,0.5917319009704185,0.21468926553672318,0.0,0.0,0.0,0.0,0.0,0.0
retain,dxtx,14,2,0.2967651614366216,0.5237691096494657,0.2251082251082251,0.0,0.0,0.0,0.0,0.0,0.0
retain,dx,14,2,0.333064752429921,0.5633452076516767,0.25471698113207547,0.0,0.0,0.0,0.0,0.0,0.0
deepr,dxtx,14,2,0.31319866339768687,0.5829769176651889,0.17708333333333334,0.2989593188268685,0.3132137030995106,0.28920741989881954,0.2717350395182537,0.2602836879432624,0.2506775067750677
deepr,dx,14,2,0.32364569709482627,0.5648639292454412,0.1647058823529412,0.0,0.0,0.0,0.0,0.0,0.0
bitenet,dxtx,14,3,0.3623028808459245,0.5797665177823134,0.2611464968152866,1.0,1.0,1.0,1.0,1.0,1.0
bitenet,dx,14,3,0.39090670796550225,0.5679938079884836,0.30711610486891383,1.0,1.0,1.0,1.0,1.0,1.0
rnn,dxtx,14,3,0.4022569374881209,0.6157699095848,0.24770642201834864,0.8499102333931777,0.8205252918287937,0.8331476943640009,0.8397518185708173,0.8437304402253286,0.8472363858861921
rnn,dx,14,3,0.4355109942604774,0.6154642529653622,0.2403846153846154,1.0,1.0,1.0,1.0,1.0,1.0
brnn,dxtx,14,3,0.4210417284627307,0.6169826761716015,0.30830039525691705,1.0,1.0,1.0,1.0,1.0,1.0
brnn,dx,14,3,0.4050638736910372,0.5991658532256633,0.19,1.0,1.0,1.0,1.0,1.0,1.0
retain,dxtx,14,3,0.4116079139648505,0.6037507025172302,0.32592592592592595,0.9358879882092852,0.9084132055378061,0.8809523809523809,0.8603036876355749,0.8362525458248472,0.8157181571815718
retain,dx,14,3,0.3851063554056488,0.5776022717188748,0.29545454545454547,1.0,1.0,1.0,1.0,1.0,1.0
deepr,dxtx,14,3,0.43595254124917804,0.6379645241123635,0.2685185185185185,0.9213483146067416,0.8981481481481481,0.8757062146892656,0.8605898123324397,0.847547974413646,0.8358308358308358
deepr,dx,14,3,0.40100714707721186,0.5976178503465752,0.24324324324324323,0.8763775754671778,0.8286604361370716,0.8195710455764075,0.822216712124969,0.8271314178049929,0.8311688311688312
bitenet,dxtx,14,4,0.4418796409420901,0.6486298886298886,0.32857142857142857,1.0,1.0,1.0,1.0,1.0,1.0
bitenet,dx,14,4,0.4368250527155483,0.6456254856254857,0.27860696517412936,1.0,1.0,1.0,1.0,1.0,1.0
rnn,dxtx,14,4,0.4419102502820969,0.6330380730380731,0.3255813953488372,0.3363148479427549,0.4270353302611367,0.4536834427425237,0.46879432624113476,0.48201936376210236,0.48698630136986304
rnn,dx,14,4,0.44675272043064973,0.63005439005439,0.348936170212766,1.0,1.0,1.0,1.0,1.0,1.0
brnn,dxtx,14,4,0.46271322599140907,0.6632167832167831,0.2673267326732673,0.46652267818574517,0.5680507497116494,0.6054708048395582,0.6236828901154039,0.6357455075279261,0.6426869938065746
brnn,dx,14,4,0.45171510893537636,0.6640352240352241,0.277511961722488,1.0,1.0,1.0,1.0,1.0,1.0
retain,dxtx,14,4,0.3997977708364435,0.6201709401709402,0.2794759825327511,1.0,1.0,1.0,1.0,1.0,1.0
retain,dx,14,4,0.41329077966979744,0.6333281533281532,0.2794759825327511,1.0,1.0,1.0,1.0,1.0,1.0
deepr,dxtx,14,4,0.4426408806171823,0.6528878528878529,0.2933333333333334,1.0,1.0,1.0,1.0,1.0,1.0
deepr,dx,14,4,0.39305021130886786,0.5876923076923077,0.2936507936507937,0.34378378378378377,0.39718076285240467,0.42978395061728397,0.4484038604305865,0.45666423889293517,0.4668567355666429
bitenet,dxtx,16,0,0.33411315740991504,0.5752459016393443,0.2312138728323699,0.7425540595675234,0.6926142401700319,0.6737307871448532,0.6634283246977547,0.6601387188902489,0.6579049844236761
bitenet,dx,16,0,0.332986883844825,0.6065690866510538,0.3028571428571429,0.8,0.7586776859504132,0.7471236230110159,0.749941792782305,0.7506637168141593,0.7524416135881105
rnn,dxtx,16,0,0.34134473920825753,0.60096018735363,0.20359281437125748,0.7008470798038342,0.6243250923557829,0.6142892217039038,0.6133363677742376,0.6140388768898488,0.6131311032619987
rnn,dx,16,0,0.33947779138718676,0.5872248243559718,0.24509803921568626,0.7309917355371901,0.7032632743362832,0.7059966011167759,0.7100564971751412,0.7143465304384845,0.7156802928615009
brnn,dxtx,16,0,0.3187998900668064,0.5757494145199062,0.1863354037267081,0.6867739052725648,0.6139988186650915,0.6,0.5986394557823129,0.603577738515901,0.6060093101988997
brnn,dx,16,0,0.35132513102980095,0.6007142857142856,0.19753086419753085,0.7305439330543934,0.6609642301710731,0.6538887657877244,0.6497534921939194,0.6496307811892732,0.6519081141163394
retain,dxtx,16,0,0.2943770769402866,0.5582669789227166,0.22660098522167488,0.6705694518360831,0.6115107913669064,0.5900058445353594,0.580260015919342,0.5749250749250749,0.5740166865315852
retain,dx,16,0,0.30262516721080246,0.5674121779859485,0.24242424242424243,0.4048625792811839,0.37820091923834537,0.3643059490084986,0.3515215110178384,0.34534534534534533,0.3437044239183277
deepr,dxtx,16,0,0.36603112722787456,0.5938758782201405,0.2617801047120419,0.7125813449023861,0.6989583333333333,0.6896451425247236,0.689121887287025,0.6859259259259259,0.6879849517987303
deepr,dx,16,0,0.3417154444479209,0.5746018735362997,0.23463687150837986,0.717351598173516,0.6711085908704282,0.6596199524940618,0.6613344559040202,0.6638867339022498,0.6661807580174927
bitenet,dxtx,16,1,0.3476619365286986,0.6191054486310653,0.27007299270072993,0.0,0.0,0.0,0.0,0.0,0.0
bitenet,dx,16,1,0.37213564418036005,0.6218053673082136,0.21978021978021978,0.0,0.0,0.0,0.0,0.0,0.0
rnn,dxtx,16,1,0.37322377806649887,0.6029709948495527,0.28444444444444444,0.0,0.0,0.0,0.0,0.0,0.0
rnn,dx,16,1,0.35139116228884865,0.5854920032529141,0.2134831460674157,0.0,0.0,0.0,0.0,0.0,0.0
brnn,dxtx,16,1,0.3849579748821171,0.6131417728381676,0.24880382775119617,1.0,1.0,1.0,1.0,1.0,1.0
brnn,dx,16,1,0.36802436838202623,0.6141068040119274,0.23300970873786406,0.0,0.0,0.0,0.0,0.0,0.0
retain,dxtx,16,1,0.31617115932763873,0.5529411764705883,0.25396825396825395,0.0,0.0,0.0,0.0,0.0,0.0
retain,dx,16,1,0.313983804675035,0.5629059365681756,0.24892703862660942,1.0,1.0,1.0,1.0,1.0,1.0
deepr,dxtx,16,1,0.35155393431214293,0.5935050149091894,0.24324324324324326,0.0,0.0,0.0,0.0,0.0,0.0
deepr,dx,16,1,0.3444720427769066,0.5963242071021957,0.24669603524229072,1.0,1.0,1.0,1.0,1.0,1.0
bitenet,dxtx,16,2,0.345850164008349,0.5757575757575757,0.16753926701570682,0.7317744154057771,0.7516973811833172,0.7475395806589645,0.7465531224655312,0.749028749028749,0.7495277672837174
bitenet,dx,16,2,0.3358580415215181,0.5752913752913753,0.2,0.7024158125915081,0.713160569105691,0.7153436704466559,0.718111964873765,0.7211457455770851,0.7249592833876222
rnn,dxtx,16,2,0.3730223858363689,0.6153949753949753,0.22,0.770546056260342,0.7650526315789473,0.7550863723608445,0.7501842299189388,0.7485652797704447,0.7486818980667839
rnn,dx,16,2,0.3473849099182007,0.5446568246568246,0.27074235807860264,0.7244822485207101,0.7095616508587541,0.7082204155374887,0.7138661632053702,0.7153692614770459,0.721837754709727
brnn,dxtx,16,2,0.3973899947715447,0.6384977984977984,0.2533936651583711,0.6803241782980639,0.6258234519104084,0.6110102843315185,0.6074030894782863,0.6055176336746303,0.6022284122562674
brnn,dx,16,2,0.370394160082549,0.5821704221704221,0.2369668246445498,0.8302238805970149,0.8329347454731807,0.8290598290598291,0.8245762711864407,0.8193254817987152,0.8176652892561983
retain,dxtx,16,2,0.353029448407369,0.566008806008806,0.22448979591836737,0.8232432432432433,0.8182484426529865,0.8194934273805707,0.8202247191011236,0.8212493028443949,0.8238742339461764
retain,dx,16,2,0.3291158842509191,0.5566433566433566,0.23236514522821575,0.7715633423180593,0.7686980609418282,0.7706093189964157,0.7762060210373595,0.7786078098471987,0.7786805329866753
deepr,dxtx,16,2,0.40105521617012324,0.6393991193991194,0.24999999999999997,0.7321219226260258,0.6723886048210372,0.6624548736462094,0.6567887931034483,0.65992003998001,0.6646110056925996
deepr,dx,16,2,0.31770523312014415,0.5393835793835794,0.22127659574468084,0.7682119205298014,0.7536154258168184,0.7451810061118946,0.739551253849538,0.7364051473640515,0.735176282051282
bitenet,dxtx,16,3,0.35638212154043314,0.5897854039292862,0.288135593220339,0.0,0.0,0.0,0.0,0.0,0.0
bitenet,dx,16,3,0.3415309404247567,0.5678503908279804,0.2845528455284553,1.0,1.0,1.0,1.0,1.0,1.0
rnn,dxtx,16,3,0.3775489404411813,0.610686685314376,0.27751196172248804,0.0,0.0,0.0,0.0,0.0,0.0
rnn,dx,16,3,0.38049959526496063,0.6125883094340456,0.28708133971291866,0.0,0.0,0.0,0.0,0.0,0.0
brnn,dxtx,16,3,0.3760089457893824,0.6347554975732181,0.2830188679245283,1.0,1.0,1.0,1.0,1.0,1.0
brnn,dx,16,3,0.34366365795676307,0.5720682373492244,0.21874999999999994,1.0,1.0,1.0,1.0,1.0,1.0
retain,dxtx,16,3,0.3588873686929065,0.6139592477528774,0.32900432900432897,0.0,0.0,0.0,0.0,0.0,0.0
retain,dx,16,3,0.3090326153877929,0.5635551526274476,0.1951219512195122,0.740506329113924,0.6729166666666667,0.6114649681528662,0.5853423336547734,0.5580431177446102,0.5430968726163234
deepr,dxtx,16,3,0.32532669593932306,0.5836217094716359,0.26337448559670784,0.0,0.0,0.0,0.0,0.0,0.0
deepr,dx,16,3,0.29979069631189115,0.5699012703291357,0.22115384615384612,0.0,0.0,0.0,0.0,0.0,0.0
bitenet,dxtx,16,4,0.3504973638280408,0.6324301876627458,0.19047619047619047,0.0,0.0,0.0,0.0,0.0,0.0
bitenet,dx,16,4,0.33082291921829415,0.5938762682948729,0.32209737827715357,0.0,0.0,0.0,0.0,0.0,0.0
rnn,dxtx,16,4,0.33140741411021357,0.5813616772919099,0.24271844660194175,0.18076923076923077,0.24591156874621442,0.28256189451022606,0.29873417721518986,0.31022782355792533,0.316658801321378
rnn,dx,16,4,0.3262061375239939,0.5678706114752626,0.2167487684729064,0.0,0.0,0.0,0.0,0.0,0.0
brnn,dxtx,16,4,0.35599355298379665,0.6129455867827961,0.24413145539906103,0.17128874388254486,0.2280204197390811,0.25774225774225773,0.2762966553562773,0.2848252752513164,0.29793233082706766
brnn,dx,16,4,0.325018687183418,0.5741671904462602,0.2233502538071066,0.2521097046413502,0.3595890410958904,0.40649762282091917,0.43214556482183475,0.44559585492227977,0.4584837545126354
retain,dxtx,16,4,0.33678971967805565,0.5912498877615157,0.25438596491228077,0.0,0.0,0.0,0.0,0.0,0.0
retain,dx,16,4,0.3033023308113906,0.5751997845021101,0.1575757575757576,0.1890547263681592,0.20755925688661114,0.23420289855072463,0.25205479452054796,0.2652196929592377,0.2765520779887122
deepr,dxtx,16,4,0.3046803791523619,0.5613383316871688,0.23963133640552997,0.02593192868719611,0.1217292377701934,0.22169811320754718,0.29532403609515995,0.35582386363636365,0.3778207607994842
deepr,dx,16,4,0.30303768908373896,0.5462534793930143,0.20100502512562815,0.0,0.0,0.0,0.0,0.0,0.0
